{
	"editor": {
		"allAngles": false,
		"entityTextureMode": false
	},
	"textureWidth": 16,
	"textureHeight": 16,
	"textureSizes": {
	},
	"textures": {
		"string": "item/tool/material/string",
		"copper": "block/metal/ingot/copper",
		"feather2": "item/tool/material/feather2",
		"handle": "item/tool/material/handle"
	},
	"elements": [
		{
			"name": "Knot",
			"from": [ 12.0, 0.0, 7.0 ], 
			"to": [ 13.0, 4.5, 9.0 ], 
			"rotationOrigin": [ 12.5, 2.25, 8.0 ],
			"faces": {
				"north": { "texture": "#string", "uv": [ 0.0, 0.0, 1.0, 4.5 ] },
				"east": { "texture": "#string", "uv": [ 0.0, 0.0, 2.0, 4.5 ] },
				"south": { "texture": "#string", "uv": [ 0.0, 0.0, 1.0, 4.5 ] },
				"west": { "texture": "#string", "uv": [ 0.0, 0.0, 2.0, 4.5 ] },
				"up": { "texture": "#string", "uv": [ 0.0, 0.0, 1.0, 2.0 ] },
				"down": { "texture": "#string", "uv": [ 0.0, 0.0, 1.0, 2.0 ] }
			},
			"children": [
				{
					"name": "Arrow3",
					"from": [ -11.0, 2.75, 0.7 ], 
					"to": [ 5.0, 3.75, 1.7 ], 
					"rotationOrigin": [ 0.0, 3.25, 1.0 ],
					"rotationX": 9.0,
					"rotationY": 7.0,
					"rotationZ": -4.0,
					"faces": {
						"north": { "texture": "#handle", "uv": [ 0.0, 14.5, 16.0, 15.5 ] },
						"east": { "texture": "#handle", "uv": [ 8.0, 7.0, 9.0, 8.0 ] },
						"south": { "texture": "#handle", "uv": [ 0.0, 7.5, 16.0, 8.5 ] },
						"west": { "texture": "#handle", "uv": [ 3.0, 2.0, 4.0, 3.0 ], "enabled": false },
						"up": { "texture": "#handle", "uv": [ 0.0, 6.5, 16.0, 7.5 ] },
						"down": { "texture": "#handle", "uv": [ 0.0, 0.5, 16.0, 1.5 ] }
					},
					"children": [
						{
							"name": "Cube68",
							"from": [ 16.0, 0.4, 0.0 ], 
							"to": [ 17.5, 0.6, 1.0 ], 
							"rotationOrigin": [ 16.0, 0.4, 0.0 ],
							"faces": {
								"north": { "texture": "#copper", "uv": [ 4.0, 14.0, 5.5, 14.5 ] },
								"east": { "texture": "#copper", "uv": [ 11.0, 12.5, 12.0, 13.0 ] },
								"south": { "texture": "#copper", "uv": [ 7.5, 13.5, 9.0, 14.0 ] },
								"west": { "texture": "#copper", "uv": [ 9.5, 12.0, 10.5, 12.5 ] },
								"up": { "texture": "#copper", "uv": [ 12.0, 9.5, 13.5, 10.5 ] },
								"down": { "texture": "#copper", "uv": [ 10.0, 12.0, 11.5, 13.0 ] }
							}
						},
						{
							"name": "Cube68",
							"from": [ 14.5, 0.4, -0.2 ], 
							"to": [ 17.0, 0.6, 0.3 ], 
							"rotationOrigin": [ 17.0, 0.4, 0.3 ],
							"rotationX": -1.0,
							"rotationY": -7.0,
							"faces": {
								"north": { "texture": "#copper", "uv": [ 4.0, 14.0, 6.5, 14.5 ] },
								"east": { "texture": "#copper", "uv": [ 11.0, 12.5, 11.5, 13.0 ] },
								"south": { "texture": "#copper", "uv": [ 7.5, 13.5, 10.0, 14.0 ] },
								"west": { "texture": "#copper", "uv": [ 9.5, 12.0, 10.0, 12.5 ] },
								"up": { "texture": "#copper", "uv": [ 6.0, 10.5, 8.5, 11.0 ] },
								"down": { "texture": "#copper", "uv": [ 10.0, 12.0, 12.5, 12.5 ] }
							}
						},
						{
							"name": "Cube68",
							"from": [ 14.5, 0.4, 0.7 ], 
							"to": [ 17.0, 0.6, 1.2 ], 
							"rotationOrigin": [ 17.0, 0.4, 0.7 ],
							"rotationY": 7.0,
							"rotationZ": 1.0,
							"faces": {
								"north": { "texture": "#copper", "uv": [ 4.0, 14.0, 6.5, 14.5 ] },
								"east": { "texture": "#copper", "uv": [ 11.0, 12.5, 11.5, 13.0 ] },
								"south": { "texture": "#copper", "uv": [ 7.5, 13.5, 10.0, 14.0 ] },
								"west": { "texture": "#copper", "uv": [ 9.5, 12.0, 10.0, 12.5 ] },
								"up": { "texture": "#copper", "uv": [ 8.0, 10.0, 10.5, 10.5 ] },
								"down": { "texture": "#copper", "uv": [ 10.0, 12.0, 12.5, 12.5 ] }
							}
						},
						{
							"name": "Cube68",
							"from": [ 14.0, 0.35, 0.8 ], 
							"to": [ 16.0, 0.55, 1.3 ], 
							"rotationOrigin": [ 16.0, 0.4, 0.8 ],
							"rotationY": 13.0,
							"faces": {
								"north": { "texture": "#copper", "uv": [ 4.0, 14.0, 6.0, 14.5 ] },
								"east": { "texture": "#copper", "uv": [ 11.0, 12.5, 11.5, 13.0 ] },
								"south": { "texture": "#copper", "uv": [ 7.5, 13.5, 9.5, 14.0 ] },
								"west": { "texture": "#copper", "uv": [ 9.5, 12.0, 10.0, 12.5 ] },
								"up": { "texture": "#copper", "uv": [ 6.0, 7.0, 8.0, 7.5 ] },
								"down": { "texture": "#copper", "uv": [ 10.0, 12.0, 12.0, 12.5 ] }
							}
						},
						{
							"name": "Cube68",
							"from": [ 14.0, 0.35, -0.3 ], 
							"to": [ 16.0, 0.55, 0.2 ], 
							"rotationOrigin": [ 16.0, 0.3, 0.2 ],
							"rotationY": -13.0,
							"faces": {
								"north": { "texture": "#copper", "uv": [ 4.0, 14.0, 6.0, 14.5 ] },
								"east": { "texture": "#copper", "uv": [ 11.0, 12.5, 11.5, 13.0 ] },
								"south": { "texture": "#copper", "uv": [ 7.5, 13.5, 9.5, 14.0 ] },
								"west": { "texture": "#copper", "uv": [ 9.5, 12.0, 10.0, 12.5 ] },
								"up": { "texture": "#copper", "uv": [ 8.5, 5.0, 10.5, 5.5 ] },
								"down": { "texture": "#copper", "uv": [ 10.0, 12.0, 12.0, 12.5 ] }
							}
						},
						{
							"name": "Cube68",
							"from": [ 17.5, 0.4, 0.3 ], 
							"to": [ 18.0, 0.6, 0.7 ], 
							"rotationOrigin": [ 17.5, 0.4, 0.3 ],
							"faces": {
								"north": { "texture": "#copper", "uv": [ 4.0, 14.0, 4.5, 14.5 ] },
								"east": { "texture": "#copper", "uv": [ 11.0, 12.5, 11.5, 13.0 ] },
								"south": { "texture": "#copper", "uv": [ 7.5, 13.5, 8.0, 14.0 ] },
								"west": { "texture": "#copper", "uv": [ 9.5, 12.0, 10.0, 12.5 ] },
								"up": { "texture": "#copper", "uv": [ 3.5, 5.0, 4.0, 5.5 ] },
								"down": { "texture": "#copper", "uv": [ 10.0, 12.0, 10.5, 12.5 ] }
							}
						},
						{
							"name": "Cube68",
							"from": [ -3.09, 0.2, -0.1 ], 
							"to": [ -0.09, 0.6, 1.1 ], 
							"rotationOrigin": [ -3.1, 0.2, -0.1 ],
							"faces": {
								"north": { "texture": "#copper", "uv": [ 4.0, 14.0, 7.0, 14.5 ] },
								"east": { "texture": "#copper", "uv": [ 10.5, 10.0, 11.5, 10.5 ] },
								"south": { "texture": "#copper", "uv": [ 3.5, 10.0, 6.5, 10.5 ] },
								"west": { "texture": "#copper", "uv": [ 10.5, 8.0, 11.5, 8.5 ] },
								"up": { "texture": "#copper", "uv": [ 9.0, 9.0, 12.0, 10.0 ] },
								"down": { "texture": "#copper", "uv": [ 8.5, 8.0, 11.5, 9.0 ] }
							}
						},
						{
							"name": "Cube68",
							"from": [ -3.1, -0.1, 0.3 ], 
							"to": [ -0.1, 1.1, 0.7 ], 
							"rotationOrigin": [ -3.1, -0.1, 0.3 ],
							"faces": {
								"north": { "texture": "#copper", "uv": [ 1.0, 14.0, 4.0, 15.0 ] },
								"east": { "texture": "#copper", "uv": [ 10.5, 10.0, 11.0, 11.0 ] },
								"south": { "texture": "#copper", "uv": [ 5.5, 6.5, 8.5, 7.5 ] },
								"west": { "texture": "#copper", "uv": [ 14.5, 12.0, 15.0, 13.0 ] },
								"up": { "texture": "#copper", "uv": [ 5.5, 14.5, 8.5, 15.0 ] },
								"down": { "texture": "#copper", "uv": [ 6.0, 7.0, 9.0, 7.5 ] }
							}
						},
						{
							"name": "FeatherHorizontal70",
							"from": [ -5.0, -1.3, 0.5 ], 
							"to": [ 0.5, 2.7, 0.5 ], 
							"shade": false,
							"rotationOrigin": [ 0.5, 0.6, 0.6 ],
							"rotationX": -45.0,
							"rotationY": -1.0,
							"faces": {
								"north": { "texture": "#feather2", "uv": [ 0.0, 0.0, 5.5, 4.0 ], "enabled": false },
								"east": { "texture": "#feather2", "uv": [ 0.0, 0.0, 0.5, 4.0 ], "enabled": false },
								"south": { "texture": "#feather2", "uv": [ 6.0, 10.0, 10.0, 14.0 ], "rotation": 270 },
								"west": { "texture": "#feather2", "uv": [ 0.0, 0.0, 0.5, 4.0 ], "enabled": false },
								"up": { "texture": "#feather2", "uv": [ 0.0, 0.0, 5.5, 0.5 ], "enabled": false },
								"down": { "texture": "#feather2", "uv": [ 0.0, 0.0, 5.5, 0.5 ], "enabled": false }
							}
						},
						{
							"name": "FeatherHorizontal70",
							"from": [ -5.0, -1.5, 0.5 ], 
							"to": [ 0.5, 2.5, 0.5 ], 
							"shade": false,
							"rotationOrigin": [ 0.5, 0.4, 0.6 ],
							"rotationX": 45.0,
							"rotationY": -1.0,
							"faces": {
								"north": { "texture": "#feather2", "uv": [ 0.0, 0.0, 5.5, 4.0 ], "enabled": false },
								"east": { "texture": "#feather2", "uv": [ 0.0, 0.0, 0.5, 4.0 ], "enabled": false },
								"south": { "texture": "#feather2", "uv": [ 6.0, 10.0, 10.0, 14.0 ], "rotation": 270 },
								"west": { "texture": "#feather2", "uv": [ 0.0, 0.0, 0.5, 4.0 ], "enabled": false },
								"up": { "texture": "#feather2", "uv": [ 0.0, 0.0, 5.5, 0.5 ], "enabled": false },
								"down": { "texture": "#feather2", "uv": [ 0.0, 0.0, 5.5, 0.5 ], "enabled": false }
							}
						},
						{
							"name": "stick 71",
							"from": [ -3.0, 0.0, 0.0 ], 
							"to": [ 0.0, 1.0, 1.0 ], 
							"rotationOrigin": [ -3.0, 0.0, 0.0 ],
							"faces": {
								"north": { "texture": "#handle", "uv": [ 1.5, 2.5, 4.5, 3.5 ] },
								"east": { "texture": "#handle", "uv": [ 0.0, 0.0, 1.0, 1.0 ], "enabled": false },
								"south": { "texture": "#handle", "uv": [ 3.0, 2.5, 6.0, 3.5 ] },
								"west": { "texture": "#handle", "uv": [ 0.0, 0.0, 1.0, 1.0 ] },
								"up": { "texture": "#handle", "uv": [ 9.5, 1.5, 12.5, 2.5 ] },
								"down": { "texture": "#handle", "uv": [ 2.5, 0.5, 5.5, 1.5 ] }
							}
						},
						{
							"name": "Cube72",
							"from": [ 13.51, -0.1, 0.3 ], 
							"to": [ 16.01, 1.1, 0.7 ], 
							"rotationOrigin": [ 13.5, -0.1, 0.3 ],
							"faces": {
								"north": { "texture": "#copper", "uv": [ 1.0, 14.0, 3.5, 15.0 ] },
								"east": { "texture": "#copper", "uv": [ 8.0, 7.0, 8.5, 8.0 ] },
								"south": { "texture": "#copper", "uv": [ 5.5, 6.5, 8.0, 7.5 ] },
								"west": { "texture": "#copper", "uv": [ 14.5, 12.0, 15.0, 13.0 ] },
								"up": { "texture": "#copper", "uv": [ 2.5, 14.0, 5.0, 14.5 ] },
								"down": { "texture": "#copper", "uv": [ 6.0, 7.0, 8.5, 7.5 ] }
							}
						}
					]
				},
				{
					"name": "Arrow2",
					"from": [ -11.0, 1.75, 0.7 ], 
					"to": [ 5.0, 2.75, 1.7 ], 
					"rotationOrigin": [ 0.0, 2.25, 1.0 ],
					"faces": {
						"north": { "texture": "#handle", "uv": [ 0.0, 14.5, 16.0, 15.5 ] },
						"east": { "texture": "#handle", "uv": [ 8.0, 7.0, 9.0, 8.0 ] },
						"south": { "texture": "#handle", "uv": [ 0.0, 7.5, 16.0, 8.5 ] },
						"west": { "texture": "#handle", "uv": [ 3.0, 2.0, 4.0, 3.0 ], "enabled": false },
						"up": { "texture": "#handle", "uv": [ 0.0, 6.5, 16.0, 7.5 ] },
						"down": { "texture": "#handle", "uv": [ 0.0, 0.5, 16.0, 1.5 ] }
					},
					"children": [
						{
							"name": "Cube47",
							"from": [ 16.0, 0.4, 0.0 ], 
							"to": [ 17.5, 0.6, 1.0 ], 
							"rotationOrigin": [ 16.0, 0.4, 0.0 ],
							"faces": {
								"north": { "texture": "#copper", "uv": [ 4.0, 14.0, 5.5, 14.5 ] },
								"east": { "texture": "#copper", "uv": [ 11.0, 12.5, 12.0, 13.0 ] },
								"south": { "texture": "#copper", "uv": [ 7.5, 13.5, 9.0, 14.0 ] },
								"west": { "texture": "#copper", "uv": [ 9.5, 12.0, 10.5, 12.5 ] },
								"up": { "texture": "#copper", "uv": [ 12.0, 9.5, 13.5, 10.5 ] },
								"down": { "texture": "#copper", "uv": [ 10.0, 12.0, 11.5, 13.0 ] }
							}
						},
						{
							"name": "Cube48",
							"from": [ 14.5, 0.4, -0.2 ], 
							"to": [ 17.0, 0.6, 0.3 ], 
							"rotationOrigin": [ 17.0, 0.4, 0.3 ],
							"rotationX": -1.0,
							"rotationY": -7.0,
							"faces": {
								"north": { "texture": "#copper", "uv": [ 4.0, 14.0, 6.5, 14.5 ] },
								"east": { "texture": "#copper", "uv": [ 11.0, 12.5, 11.5, 13.0 ] },
								"south": { "texture": "#copper", "uv": [ 7.5, 13.5, 10.0, 14.0 ] },
								"west": { "texture": "#copper", "uv": [ 9.5, 12.0, 10.0, 12.5 ] },
								"up": { "texture": "#copper", "uv": [ 6.0, 10.5, 8.5, 11.0 ] },
								"down": { "texture": "#copper", "uv": [ 10.0, 12.0, 12.5, 12.5 ] }
							}
						},
						{
							"name": "Cube49",
							"from": [ 14.5, 0.4, 0.7 ], 
							"to": [ 17.0, 0.6, 1.2 ], 
							"rotationOrigin": [ 17.0, 0.4, 0.7 ],
							"rotationY": 7.0,
							"rotationZ": 1.0,
							"faces": {
								"north": { "texture": "#copper", "uv": [ 4.0, 14.0, 6.5, 14.5 ] },
								"east": { "texture": "#copper", "uv": [ 11.0, 12.5, 11.5, 13.0 ] },
								"south": { "texture": "#copper", "uv": [ 7.5, 13.5, 10.0, 14.0 ] },
								"west": { "texture": "#copper", "uv": [ 9.5, 12.0, 10.0, 12.5 ] },
								"up": { "texture": "#copper", "uv": [ 8.0, 10.0, 10.5, 10.5 ] },
								"down": { "texture": "#copper", "uv": [ 10.0, 12.0, 12.5, 12.5 ] }
							}
						},
						{
							"name": "Cube50",
							"from": [ 14.0, 0.35, 0.8 ], 
							"to": [ 16.0, 0.55, 1.3 ], 
							"rotationOrigin": [ 16.0, 0.4, 0.8 ],
							"rotationY": 13.0,
							"faces": {
								"north": { "texture": "#copper", "uv": [ 4.0, 14.0, 6.0, 14.5 ] },
								"east": { "texture": "#copper", "uv": [ 11.0, 12.5, 11.5, 13.0 ] },
								"south": { "texture": "#copper", "uv": [ 7.5, 13.5, 9.5, 14.0 ] },
								"west": { "texture": "#copper", "uv": [ 9.5, 12.0, 10.0, 12.5 ] },
								"up": { "texture": "#copper", "uv": [ 6.0, 7.0, 8.0, 7.5 ] },
								"down": { "texture": "#copper", "uv": [ 10.0, 12.0, 12.0, 12.5 ] }
							}
						},
						{
							"name": "Cube51",
							"from": [ 14.0, 0.35, -0.3 ], 
							"to": [ 16.0, 0.55, 0.2 ], 
							"rotationOrigin": [ 16.0, 0.3, 0.2 ],
							"rotationY": -13.0,
							"faces": {
								"north": { "texture": "#copper", "uv": [ 4.0, 14.0, 6.0, 14.5 ] },
								"east": { "texture": "#copper", "uv": [ 11.0, 12.5, 11.5, 13.0 ] },
								"south": { "texture": "#copper", "uv": [ 7.5, 13.5, 9.5, 14.0 ] },
								"west": { "texture": "#copper", "uv": [ 9.5, 12.0, 10.0, 12.5 ] },
								"up": { "texture": "#copper", "uv": [ 8.5, 5.0, 10.5, 5.5 ] },
								"down": { "texture": "#copper", "uv": [ 10.0, 12.0, 12.0, 12.5 ] }
							}
						},
						{
							"name": "Cube52",
							"from": [ 17.5, 0.4, 0.3 ], 
							"to": [ 18.0, 0.6, 0.7 ], 
							"rotationOrigin": [ 17.5, 0.4, 0.3 ],
							"faces": {
								"north": { "texture": "#copper", "uv": [ 4.0, 14.0, 4.5, 14.5 ] },
								"east": { "texture": "#copper", "uv": [ 11.0, 12.5, 11.5, 13.0 ] },
								"south": { "texture": "#copper", "uv": [ 7.5, 13.5, 8.0, 14.0 ] },
								"west": { "texture": "#copper", "uv": [ 9.5, 12.0, 10.0, 12.5 ] },
								"up": { "texture": "#copper", "uv": [ 3.5, 5.0, 4.0, 5.5 ] },
								"down": { "texture": "#copper", "uv": [ 10.0, 12.0, 10.5, 12.5 ] }
							}
						},
						{
							"name": "Cube53",
							"from": [ -3.09, 0.2, -0.1 ], 
							"to": [ -0.09, 0.6, 1.1 ], 
							"rotationOrigin": [ -3.1, 0.2, -0.1 ],
							"faces": {
								"north": { "texture": "#copper", "uv": [ 4.0, 14.0, 7.0, 14.5 ] },
								"east": { "texture": "#copper", "uv": [ 10.5, 10.0, 11.5, 10.5 ] },
								"south": { "texture": "#copper", "uv": [ 3.5, 10.0, 6.5, 10.5 ] },
								"west": { "texture": "#copper", "uv": [ 10.5, 8.0, 11.5, 8.5 ] },
								"up": { "texture": "#copper", "uv": [ 9.0, 9.0, 12.0, 10.0 ] },
								"down": { "texture": "#copper", "uv": [ 8.5, 8.0, 11.5, 9.0 ] }
							}
						},
						{
							"name": "Cube54",
							"from": [ -3.1, -0.1, 0.3 ], 
							"to": [ -0.1, 1.1, 0.7 ], 
							"rotationOrigin": [ -3.1, -0.1, 0.3 ],
							"faces": {
								"north": { "texture": "#copper", "uv": [ 1.0, 14.0, 4.0, 15.0 ] },
								"east": { "texture": "#copper", "uv": [ 10.5, 10.0, 11.0, 11.0 ] },
								"south": { "texture": "#copper", "uv": [ 5.5, 6.5, 8.5, 7.5 ] },
								"west": { "texture": "#copper", "uv": [ 14.5, 12.0, 15.0, 13.0 ] },
								"up": { "texture": "#copper", "uv": [ 5.5, 14.5, 8.5, 15.0 ] },
								"down": { "texture": "#copper", "uv": [ 6.0, 7.0, 9.0, 7.5 ] }
							}
						},
						{
							"name": "FeatherHorizontal55",
							"from": [ -5.0, -1.3, 0.5 ], 
							"to": [ 0.5, 2.7, 0.5 ], 
							"shade": false,
							"rotationOrigin": [ 0.5, 0.6, 0.6 ],
							"rotationX": -45.0,
							"rotationY": -1.0,
							"faces": {
								"north": { "texture": "#feather2", "uv": [ 0.0, 0.0, 5.5, 4.0 ], "enabled": false },
								"east": { "texture": "#feather2", "uv": [ 0.0, 0.0, 0.5, 4.0 ], "enabled": false },
								"south": { "texture": "#feather2", "uv": [ 6.0, 10.0, 10.0, 14.0 ], "rotation": 270 },
								"west": { "texture": "#feather2", "uv": [ 0.0, 0.0, 0.5, 4.0 ], "enabled": false },
								"up": { "texture": "#feather2", "uv": [ 0.0, 0.0, 5.5, 0.5 ], "enabled": false },
								"down": { "texture": "#feather2", "uv": [ 0.0, 0.0, 5.5, 0.5 ], "enabled": false }
							}
						},
						{
							"name": "FeatherHorizontal56",
							"from": [ -5.0, -1.5, 0.5 ], 
							"to": [ 0.5, 2.5, 0.5 ], 
							"shade": false,
							"rotationOrigin": [ 0.5, 0.4, 0.6 ],
							"rotationX": 45.0,
							"rotationY": -1.0,
							"faces": {
								"north": { "texture": "#feather2", "uv": [ 0.0, 0.0, 5.5, 4.0 ], "enabled": false },
								"east": { "texture": "#feather2", "uv": [ 0.0, 0.0, 0.5, 4.0 ], "enabled": false },
								"south": { "texture": "#feather2", "uv": [ 6.0, 10.0, 10.0, 14.0 ], "rotation": 270 },
								"west": { "texture": "#feather2", "uv": [ 0.0, 0.0, 0.5, 4.0 ], "enabled": false },
								"up": { "texture": "#feather2", "uv": [ 0.0, 0.0, 5.5, 0.5 ], "enabled": false },
								"down": { "texture": "#feather2", "uv": [ 0.0, 0.0, 5.5, 0.5 ], "enabled": false }
							}
						},
						{
							"name": "stick 57",
							"from": [ -3.0, 0.0, 0.0 ], 
							"to": [ 0.0, 1.0, 1.0 ], 
							"rotationOrigin": [ -3.0, 0.0, 0.0 ],
							"faces": {
								"north": { "texture": "#handle", "uv": [ 1.5, 2.5, 4.5, 3.5 ] },
								"east": { "texture": "#handle", "uv": [ 0.0, 0.0, 1.0, 1.0 ], "enabled": false },
								"south": { "texture": "#handle", "uv": [ 3.0, 2.5, 6.0, 3.5 ] },
								"west": { "texture": "#handle", "uv": [ 0.0, 0.0, 1.0, 1.0 ] },
								"up": { "texture": "#handle", "uv": [ 9.5, 1.5, 12.5, 2.5 ] },
								"down": { "texture": "#handle", "uv": [ 2.5, 0.5, 5.5, 1.5 ] }
							}
						},
						{
							"name": "Cube58",
							"from": [ 13.51, -0.1, 0.3 ], 
							"to": [ 16.01, 1.1, 0.7 ], 
							"rotationOrigin": [ 13.5, -0.1, 0.3 ],
							"faces": {
								"north": { "texture": "#copper", "uv": [ 1.0, 14.0, 3.5, 15.0 ] },
								"east": { "texture": "#copper", "uv": [ 8.0, 7.0, 8.5, 8.0 ] },
								"south": { "texture": "#copper", "uv": [ 5.5, 6.5, 8.0, 7.5 ] },
								"west": { "texture": "#copper", "uv": [ 14.5, 12.0, 15.0, 13.0 ] },
								"up": { "texture": "#copper", "uv": [ 2.5, 14.0, 5.0, 14.5 ] },
								"down": { "texture": "#copper", "uv": [ 6.0, 7.0, 8.5, 7.5 ] }
							}
						}
					]
				},
				{
					"name": "Arrow1",
					"from": [ -11.0, 0.75, 0.7 ], 
					"to": [ 5.0, 1.75, 1.7 ], 
					"rotationOrigin": [ 0.0, 1.25, 1.0 ],
					"rotationY": 5.0,
					"rotationZ": 3.0,
					"faces": {
						"north": { "texture": "#handle", "uv": [ 0.0, 14.5, 16.0, 15.5 ] },
						"east": { "texture": "#handle", "uv": [ 8.0, 7.0, 9.0, 8.0 ] },
						"south": { "texture": "#handle", "uv": [ 0.0, 7.5, 16.0, 8.5 ] },
						"west": { "texture": "#handle", "uv": [ 3.0, 2.0, 4.0, 3.0 ], "enabled": false },
						"up": { "texture": "#handle", "uv": [ 0.0, 6.5, 16.0, 7.5 ] },
						"down": { "texture": "#handle", "uv": [ 0.0, 0.5, 16.0, 1.5 ] }
					},
					"children": [
						{
							"name": "Cube60",
							"from": [ 16.0, 0.4, 0.0 ], 
							"to": [ 17.5, 0.6, 1.0 ], 
							"rotationOrigin": [ 16.0, 0.4, 0.0 ],
							"faces": {
								"north": { "texture": "#copper", "uv": [ 4.0, 14.0, 5.5, 14.5 ] },
								"east": { "texture": "#copper", "uv": [ 11.0, 12.5, 12.0, 13.0 ] },
								"south": { "texture": "#copper", "uv": [ 7.5, 13.5, 9.0, 14.0 ] },
								"west": { "texture": "#copper", "uv": [ 9.5, 12.0, 10.5, 12.5 ] },
								"up": { "texture": "#copper", "uv": [ 12.0, 9.5, 13.5, 10.5 ] },
								"down": { "texture": "#copper", "uv": [ 10.0, 12.0, 11.5, 13.0 ] }
							}
						},
						{
							"name": "Cube61",
							"from": [ 14.5, 0.4, -0.2 ], 
							"to": [ 17.0, 0.6, 0.3 ], 
							"rotationOrigin": [ 17.0, 0.4, 0.3 ],
							"rotationX": -1.0,
							"rotationY": -7.0,
							"faces": {
								"north": { "texture": "#copper", "uv": [ 4.0, 14.0, 6.5, 14.5 ] },
								"east": { "texture": "#copper", "uv": [ 11.0, 12.5, 11.5, 13.0 ] },
								"south": { "texture": "#copper", "uv": [ 7.5, 13.5, 10.0, 14.0 ] },
								"west": { "texture": "#copper", "uv": [ 9.5, 12.0, 10.0, 12.5 ] },
								"up": { "texture": "#copper", "uv": [ 6.0, 10.5, 8.5, 11.0 ] },
								"down": { "texture": "#copper", "uv": [ 10.0, 12.0, 12.5, 12.5 ] }
							}
						},
						{
							"name": "Cube62",
							"from": [ 14.5, 0.4, 0.7 ], 
							"to": [ 17.0, 0.6, 1.2 ], 
							"rotationOrigin": [ 17.0, 0.4, 0.7 ],
							"rotationY": 7.0,
							"rotationZ": 1.0,
							"faces": {
								"north": { "texture": "#copper", "uv": [ 4.0, 14.0, 6.5, 14.5 ] },
								"east": { "texture": "#copper", "uv": [ 11.0, 12.5, 11.5, 13.0 ] },
								"south": { "texture": "#copper", "uv": [ 7.5, 13.5, 10.0, 14.0 ] },
								"west": { "texture": "#copper", "uv": [ 9.5, 12.0, 10.0, 12.5 ] },
								"up": { "texture": "#copper", "uv": [ 8.0, 10.0, 10.5, 10.5 ] },
								"down": { "texture": "#copper", "uv": [ 10.0, 12.0, 12.5, 12.5 ] }
							}
						},
						{
							"name": "Cube63",
							"from": [ 14.0, 0.35, 0.8 ], 
							"to": [ 16.0, 0.55, 1.3 ], 
							"rotationOrigin": [ 16.0, 0.4, 0.8 ],
							"rotationY": 13.0,
							"faces": {
								"north": { "texture": "#copper", "uv": [ 4.0, 14.0, 6.0, 14.5 ] },
								"east": { "texture": "#copper", "uv": [ 11.0, 12.5, 11.5, 13.0 ] },
								"south": { "texture": "#copper", "uv": [ 7.5, 13.5, 9.5, 14.0 ] },
								"west": { "texture": "#copper", "uv": [ 9.5, 12.0, 10.0, 12.5 ] },
								"up": { "texture": "#copper", "uv": [ 6.0, 7.0, 8.0, 7.5 ] },
								"down": { "texture": "#copper", "uv": [ 10.0, 12.0, 12.0, 12.5 ] }
							}
						},
						{
							"name": "Cube64",
							"from": [ 14.0, 0.35, -0.3 ], 
							"to": [ 16.0, 0.55, 0.2 ], 
							"rotationOrigin": [ 16.0, 0.3, 0.2 ],
							"rotationY": -13.0,
							"faces": {
								"north": { "texture": "#copper", "uv": [ 4.0, 14.0, 6.0, 14.5 ] },
								"east": { "texture": "#copper", "uv": [ 11.0, 12.5, 11.5, 13.0 ] },
								"south": { "texture": "#copper", "uv": [ 7.5, 13.5, 9.5, 14.0 ] },
								"west": { "texture": "#copper", "uv": [ 9.5, 12.0, 10.0, 12.5 ] },
								"up": { "texture": "#copper", "uv": [ 8.5, 5.0, 10.5, 5.5 ] },
								"down": { "texture": "#copper", "uv": [ 10.0, 12.0, 12.0, 12.5 ] }
							}
						},
						{
							"name": "Cube65",
							"from": [ 17.5, 0.4, 0.3 ], 
							"to": [ 18.0, 0.6, 0.7 ], 
							"rotationOrigin": [ 17.5, 0.4, 0.3 ],
							"faces": {
								"north": { "texture": "#copper", "uv": [ 4.0, 14.0, 4.5, 14.5 ] },
								"east": { "texture": "#copper", "uv": [ 11.0, 12.5, 11.5, 13.0 ] },
								"south": { "texture": "#copper", "uv": [ 7.5, 13.5, 8.0, 14.0 ] },
								"west": { "texture": "#copper", "uv": [ 9.5, 12.0, 10.0, 12.5 ] },
								"up": { "texture": "#copper", "uv": [ 3.5, 5.0, 4.0, 5.5 ] },
								"down": { "texture": "#copper", "uv": [ 10.0, 12.0, 10.5, 12.5 ] }
							}
						},
						{
							"name": "Cube66",
							"from": [ -3.09, 0.2, -0.1 ], 
							"to": [ -0.09, 0.6, 1.1 ], 
							"rotationOrigin": [ -3.1, 0.2, -0.1 ],
							"faces": {
								"north": { "texture": "#copper", "uv": [ 4.0, 14.0, 7.0, 14.5 ] },
								"east": { "texture": "#copper", "uv": [ 10.5, 10.0, 11.5, 10.5 ] },
								"south": { "texture": "#copper", "uv": [ 3.5, 10.0, 6.5, 10.5 ] },
								"west": { "texture": "#copper", "uv": [ 10.5, 8.0, 11.5, 8.5 ] },
								"up": { "texture": "#copper", "uv": [ 9.0, 9.0, 12.0, 10.0 ] },
								"down": { "texture": "#copper", "uv": [ 8.5, 8.0, 11.5, 9.0 ] }
							}
						},
						{
							"name": "Cube67",
							"from": [ -3.1, -0.1, 0.3 ], 
							"to": [ -0.1, 1.1, 0.7 ], 
							"rotationOrigin": [ -3.1, -0.1, 0.3 ],
							"faces": {
								"north": { "texture": "#copper", "uv": [ 1.0, 14.0, 4.0, 15.0 ] },
								"east": { "texture": "#copper", "uv": [ 10.5, 10.0, 11.0, 11.0 ] },
								"south": { "texture": "#copper", "uv": [ 5.5, 6.5, 8.5, 7.5 ] },
								"west": { "texture": "#copper", "uv": [ 14.5, 12.0, 15.0, 13.0 ] },
								"up": { "texture": "#copper", "uv": [ 5.5, 14.5, 8.5, 15.0 ] },
								"down": { "texture": "#copper", "uv": [ 6.0, 7.0, 9.0, 7.5 ] }
							}
						},
						{
							"name": "FeatherHorizontal68",
							"from": [ -5.0, -1.3, 0.5 ], 
							"to": [ 0.5, 2.7, 0.5 ], 
							"shade": false,
							"rotationOrigin": [ 0.5, 0.6, 0.6 ],
							"rotationX": -45.0,
							"rotationY": -1.0,
							"faces": {
								"north": { "texture": "#feather2", "uv": [ 0.0, 0.0, 5.5, 4.0 ], "enabled": false },
								"east": { "texture": "#feather2", "uv": [ 0.0, 0.0, 0.5, 4.0 ], "enabled": false },
								"south": { "texture": "#feather2", "uv": [ 6.0, 10.0, 10.0, 14.0 ], "rotation": 270 },
								"west": { "texture": "#feather2", "uv": [ 0.0, 0.0, 0.5, 4.0 ], "enabled": false },
								"up": { "texture": "#feather2", "uv": [ 0.0, 0.0, 5.5, 0.5 ], "enabled": false },
								"down": { "texture": "#feather2", "uv": [ 0.0, 0.0, 5.5, 0.5 ], "enabled": false }
							}
						},
						{
							"name": "FeatherHorizontal69",
							"from": [ -5.0, -1.5, 0.5 ], 
							"to": [ 0.5, 2.5, 0.5 ], 
							"shade": false,
							"rotationOrigin": [ 0.5, 0.4, 0.6 ],
							"rotationX": 45.0,
							"rotationY": -1.0,
							"faces": {
								"north": { "texture": "#feather2", "uv": [ 0.0, 0.0, 5.5, 4.0 ], "enabled": false },
								"east": { "texture": "#feather2", "uv": [ 0.0, 0.0, 0.5, 4.0 ], "enabled": false },
								"south": { "texture": "#feather2", "uv": [ 6.0, 10.0, 10.0, 14.0 ], "rotation": 270 },
								"west": { "texture": "#feather2", "uv": [ 0.0, 0.0, 0.5, 4.0 ], "enabled": false },
								"up": { "texture": "#feather2", "uv": [ 0.0, 0.0, 5.5, 0.5 ], "enabled": false },
								"down": { "texture": "#feather2", "uv": [ 0.0, 0.0, 5.5, 0.5 ], "enabled": false }
							}
						},
						{
							"name": "stick 70",
							"from": [ -3.0, 0.0, 0.0 ], 
							"to": [ 0.0, 1.0, 1.0 ], 
							"rotationOrigin": [ -3.0, 0.0, 0.0 ],
							"faces": {
								"north": { "texture": "#handle", "uv": [ 1.5, 2.5, 4.5, 3.5 ] },
								"east": { "texture": "#handle", "uv": [ 0.0, 0.0, 1.0, 1.0 ], "enabled": false },
								"south": { "texture": "#handle", "uv": [ 3.0, 2.5, 6.0, 3.5 ] },
								"west": { "texture": "#handle", "uv": [ 0.0, 0.0, 1.0, 1.0 ] },
								"up": { "texture": "#handle", "uv": [ 9.5, 1.5, 12.5, 2.5 ] },
								"down": { "texture": "#handle", "uv": [ 2.5, 0.5, 5.5, 1.5 ] }
							}
						},
						{
							"name": "Cube71",
							"from": [ 13.51, -0.1, 0.3 ], 
							"to": [ 16.01, 1.1, 0.7 ], 
							"rotationOrigin": [ 13.5, -0.1, 0.3 ],
							"faces": {
								"north": { "texture": "#copper", "uv": [ 1.0, 14.0, 3.5, 15.0 ] },
								"east": { "texture": "#copper", "uv": [ 8.0, 7.0, 8.5, 8.0 ] },
								"south": { "texture": "#copper", "uv": [ 5.5, 6.5, 8.0, 7.5 ] },
								"west": { "texture": "#copper", "uv": [ 14.5, 12.0, 15.0, 13.0 ] },
								"up": { "texture": "#copper", "uv": [ 2.5, 14.0, 5.0, 14.5 ] },
								"down": { "texture": "#copper", "uv": [ 6.0, 7.0, 8.5, 7.5 ] }
							}
						}
					]
				}
			]
		}
	],
	"animations": [
		{
			"name": "idle",
			"code": "idle",
			"quantityframes": 90,
			"onActivityStopped": "EaseOut",
			"onAnimationEnd": "Repeat",
			"keyframes": [

			]
		},

		{
			"name": "idle2",
			"code": "idle2",
			"quantityframes": 90,
			"onActivityStopped": "PlayTillEnd",
			"onAnimationEnd": "Stop",
			"keyframes": [

			]
		},

		{
			"name": "look",
			"code": "look",
			"quantityframes": 135,
			"onActivityStopped": "EaseOut",
			"onAnimationEnd": "Stop",
			"keyframes": [

			]
		},

		{
			"name": "walk",
			"code": "walk",
			"quantityframes": 40,
			"onActivityStopped": "EaseOut",
			"onAnimationEnd": "Repeat",
			"keyframes": [

			]
		},

		{
			"name": "WalkBowReady",
			"code": "walkbowready",
			"quantityframes": 40,
			"onActivityStopped": "EaseOut",
			"onAnimationEnd": "Repeat",
			"keyframes": [

			]
		},

		{
			"name": "SneakWalk",
			"code": "sneakwalk",
			"quantityframes": 40,
			"onActivityStopped": "Rewind",
			"onAnimationEnd": "Repeat",
			"keyframes": [

			]
		},

		{
			"name": "SneakIdle",
			"code": "sneakidle",
			"quantityframes": 35,
			"onActivityStopped": "EaseOut",
			"onAnimationEnd": "Repeat",
			"keyframes": [

			]
		},

		{
			"name": "die",
			"code": "die",
			"quantityframes": 29,
			"onActivityStopped": "PlayTillEnd",
			"onAnimationEnd": "Hold",
			"keyframes": [

			]
		},

		{
			"name": "Sprint",
			"code": "sprint",
			"quantityframes": 24,
			"onActivityStopped": "EaseOut",
			"onAnimationEnd": "Repeat",
			"keyframes": [

			]
		},

		{
			"name": "swim",
			"code": "swim",
			"quantityframes": 30,
			"onActivityStopped": "EaseOut",
			"onAnimationEnd": "Repeat",
			"keyframes": [

			]
		},

		{
			"name": "attack",
			"code": "attack",
			"quantityframes": 20,
			"onActivityStopped": "PlayTillEnd",
			"onAnimationEnd": "Stop",
			"keyframes": [

			]
		},

		{
			"name": "Draw",
			"code": "draw",
			"quantityframes": 15,
			"onActivityStopped": "EaseOut",
			"onAnimationEnd": "Hold",
			"keyframes": [

			]
		},

		{
			"name": "BowAttack",
			"code": "bowattack",
			"quantityframes": 60,
			"onActivityStopped": "EaseOut",
			"onAnimationEnd": "Stop",
			"keyframes": [

			]
		}
	]
}