{
	"editor": {
		"allAngles": true,
		"entityTextureMode": true
	},
	"textureWidth": 64,
	"textureHeight": 64,
	"textureSizes": {
		"seraph": [64,64]
	},
	"textures": {
		"bandit1": "entity/bandit/bandit3",
		"string": "item/tool/material/string",
		"copper": "item/tool/material/copper",
		"spearwood": "entity/spearwood"
	},
	"elements": [
		{
			"name": "LowerTorso",
			"from": [ 6.0, 15.1, 5.2 ], 
			"to": [ 11.0, 19.4, 11.2 ], 
			"unwrapMode": 4,
			"uv": [ 25.0, 7.0 ],
			"rotationOrigin": [ 8.0, 15.1, 8.2 ],
			"rotationZ": 3.0,
			"faces": {
				"north": { "texture": "#bandit1", "uv": [ 25.0, 10.0, 46.0, 15.0 ], "autoUv": false },
				"east": { "texture": "#bandit1", "uv": [ 57.0, 10.0, 63.0, 15.0 ], "autoUv": false },
				"south": { "texture": "#bandit1", "uv": [ 52.0, 10.0, 57.0, 15.0 ], "autoUv": false },
				"west": { "texture": "#bandit1", "uv": [ 46.0, 10.0, 52.0, 15.0 ], "autoUv": false },
				"up": { "texture": "#bandit1", "uv": [ 46.0, 7.0, 40.0, 10.0 ], "rotation": 90, "autoUv": false },
				"down": { "texture": "#bandit1", "uv": [ 46.0, 15.0, 40.0, 15.0 ], "rotation": 90, "autoUv": false }
			},
			"children": [
				{
					"name": "UpperTorso",
					"from": [ 0.0, 4.1, -0.15 ], 
					"to": [ 5.3, 9.1, 6.15 ], 
					"uv": [ 45.0, 2.0 ],
					"rotationOrigin": [ 2.0, 4.8, 3.0 ],
					"rotationZ": -6.0,
					"faces": {
						"north": { "texture": "#bandit1", "uv": [ 41.0, 5.0, 46.0, 10.0 ], "autoUv": false },
						"east": { "texture": "#bandit1", "uv": [ 57.0, 5.0, 63.0, 10.0 ], "autoUv": false },
						"south": { "texture": "#bandit1", "uv": [ 52.0, 5.0, 57.0, 10.0 ], "autoUv": false },
						"west": { "texture": "#bandit1", "uv": [ 46.0, 5.0, 52.0, 10.0 ], "autoUv": false },
						"up": { "texture": "#bandit1", "uv": [ 46.0, 0.0, 52.0, 5.0 ], "rotation": 90, "autoUv": false },
						"down": { "texture": "#bandit1", "uv": [ 34.0, 5.0, 40.0, 10.0 ], "rotation": 90, "autoUv": false }
					},
					"children": [
						{
							"name": "UpperArmL",
							"from": [ 1.0, -2.1, 5.4 ], 
							"to": [ 4.0, 4.9, 7.4 ], 
							"unwrapMode": 4,
							"uv": [ 42.0, 38.5 ],
							"rotationOrigin": [ 2.0, 4.7, 5.2 ],
							"rotationX": -10.0,
							"faces": {
								"north": { "texture": "#bandit1", "uv": [ 42.0, 41.5, 45.0, 48.5 ] },
								"east": { "texture": "#bandit1", "uv": [ 50.0, 41.5, 52.0, 48.5 ] },
								"south": { "texture": "#bandit1", "uv": [ 47.0, 41.5, 50.0, 48.5 ] },
								"west": { "texture": "#bandit1", "uv": [ 45.0, 41.5, 47.0, 48.5 ] },
								"up": { "texture": "#bandit1", "uv": [ 45.0, 38.5, 47.0, 41.5 ], "rotation": 90 },
								"down": { "texture": "#bandit1", "uv": [ 45.0, 48.5, 47.0, 51.5 ], "rotation": 90 }
							},
							"children": [
								{
									"name": "LowerArmL",
									"from": [ 0.2, -7.3, -0.1 ], 
									"to": [ 2.7, 0.7, 1.9 ], 
									"unwrapMode": 4,
									"uv": [ 42.5, 49.0 ],
									"rotationOrigin": [ 1.4, 0.7, 0.9 ],
									"rotationX": 8.0,
									"rotationZ": -6.0,
									"faces": {
										"north": { "texture": "#bandit1", "uv": [ 42.5, 51.5, 45.0, 59.5 ] },
										"east": { "texture": "#bandit1", "uv": [ 49.5, 51.5, 51.5, 59.5 ] },
										"south": { "texture": "#bandit1", "uv": [ 47.0, 51.5, 49.5, 59.5 ] },
										"west": { "texture": "#bandit1", "uv": [ 45.0, 51.5, 47.0, 59.5 ] },
										"up": { "texture": "#bandit1", "uv": [ 45.0, 49.0, 47.0, 51.5 ], "rotation": 90 },
										"down": { "texture": "#bandit1", "uv": [ 45.0, 59.5, 47.0, 62.0 ], "rotation": 90 }
									},
									"attachmentpoints": [
										{
											"code": "LeftHand",
											"posX": "1.0","posY": "1.0","posZ": "1.0",
											"rotationX": "0.0","rotationY": "-180.0","rotationZ": "0.0"
										}
									]
								}
							]
						},
						{
							"name": "Neck",
							"from": [ 1.5, 3.9, 1.6 ], 
							"to": [ 4.5, 7.9, 4.6 ], 
							"unwrapMode": 4,
							"uv": [ 12.0, 1.0 ],
							"rotationOrigin": [ 3.2, 3.6, 3.1 ],
							"rotationZ": 12.0,
							"faces": {
								"north": { "texture": "#bandit1", "uv": [ 12.0, 1.0, 15.0, 5.0 ] },
								"east": { "texture": "#bandit1", "uv": [ 21.0, 1.0, 24.0, 5.0 ] },
								"south": { "texture": "#bandit1", "uv": [ 18.0, 1.0, 21.0, 5.0 ] },
								"west": { "texture": "#bandit1", "uv": [ 15.0, 1.0, 18.0, 5.0 ] },
								"up": { "texture": "#bandit1", "uv": [ 15.0, 1.0, 18.0, 4.0 ], "rotation": 90, "enabled": false },
								"down": { "texture": "#bandit1", "uv": [ 15.0, 5.0, 19.0, 14.0 ], "rotation": 90, "enabled": false, "autoUv": false }
							},
							"children": [
								{
									"name": "Head",
									"from": [ -1.7, 2.0, -1.0 ], 
									"to": [ 4.3, 7.0, 4.0 ], 
									"unwrapMode": 4,
									"uv": [ 0.0, 0.0 ],
									"rotationOrigin": [ 2.7, 2.0, 1.5 ],
									"rotationZ": 2.0,
									"faces": {
										"north": { "texture": "#bandit1", "uv": [ 0.0, 6.0, 6.0, 11.0 ] },
										"east": { "texture": "#bandit1", "uv": [ 17.0, 6.0, 22.0, 11.0 ] },
										"south": { "texture": "#bandit1", "uv": [ 11.0, 6.0, 17.0, 11.0 ] },
										"west": { "texture": "#bandit1", "uv": [ 6.0, 6.0, 11.0, 11.0 ] },
										"up": { "texture": "#bandit1", "uv": [ 6.0, 0.0, 11.0, 6.0 ], "rotation": 90 },
										"down": { "texture": "#bandit1", "uv": [ 6.0, 11.0, 11.0, 17.0 ], "rotation": 90 }
									},
									"children": [
										{
											"name": "R eye",
											"from": [ -0.01, 1.75, 0.85 ], 
											"to": [ 0.09, 2.7, 2.05 ], 
											"unwrapMode": 4,
											"uv": [ 55.5, 0.0 ],
											"rotationOrigin": [ -0.1, 1.8, 0.5 ],
											"faces": {
												"north": { "texture": "#bandit1", "uv": [ 55.5, 0.5, 56.0, 1.0 ] },
												"east": { "texture": "#bandit1", "uv": [ 57.5, 0.5, 58.5, 1.0 ], "enabled": false },
												"south": { "texture": "#bandit1", "uv": [ 57.0, 0.5, 57.5, 1.0 ] },
												"west": { "texture": "#bandit1", "uv": [ 56.0, 0.5, 57.0, 1.0 ] },
												"up": { "texture": "#bandit1", "uv": [ 56.0, 0.0, 57.0, 0.5 ], "rotation": 90 },
												"down": { "texture": "#bandit1", "uv": [ 56.0, 1.0, 57.0, 1.5 ], "rotation": 90 }
											},
											"children": [
												{
													"name": "R pupil",
													"from": [ -0.03, 0.15, 0.15 ], 
													"to": [ 0.07, 0.85, 1.05 ], 
													"unwrapMode": 4,
													"uv": [ 60.5, 0.0 ],
													"rotationOrigin": [ -0.1, 0.2, 0.2 ],
													"faces": {
														"north": { "texture": "#bandit1", "uv": [ 60.5, 0.5, 61.0, 1.0 ] },
														"east": { "texture": "#bandit1", "uv": [ 62.0, 0.5, 62.5, 1.0 ], "enabled": false },
														"south": { "texture": "#bandit1", "uv": [ 61.5, 0.5, 62.0, 1.0 ] },
														"west": { "texture": "#bandit1", "uv": [ 61.0, 0.5, 61.5, 1.0 ] },
														"up": { "texture": "#bandit1", "uv": [ 61.0, 0.0, 61.5, 0.5 ], "rotation": 90 },
														"down": { "texture": "#bandit1", "uv": [ 61.0, 1.0, 61.5, 1.5 ], "rotation": 90 }
													},
													"children": [
														{
															"name": "shine large 1",
															"from": [ -0.01, 0.37, 0.6 ], 
															"to": [ 0.09, 0.57, 0.8 ], 
															"unwrapMode": 4,
															"uv": [ 52.0, 0.5 ],
															"rotationOrigin": [ -0.07, 0.5, 0.6 ],
															"faces": {
																"north": { "texture": "#bandit1", "uv": [ 52.0, 1.0, 52.5, 1.5 ] },
																"east": { "texture": "#bandit1", "uv": [ 53.5, 1.0, 54.0, 1.5 ], "enabled": false },
																"south": { "texture": "#bandit1", "uv": [ 53.0, 1.0, 53.5, 1.5 ] },
																"west": { "texture": "#bandit1", "uv": [ 52.5, 1.0, 53.0, 1.5 ] },
																"up": { "texture": "#bandit1", "uv": [ 52.5, 0.5, 53.0, 1.0 ], "rotation": 90 },
																"down": { "texture": "#bandit1", "uv": [ 52.5, 1.5, 53.0, 2.0 ], "rotation": 90 }
															}
														},
														{
															"name": "shine small 1",
															"from": [ -0.01, 0.33, 0.45 ], 
															"to": [ 0.09, 0.43, 0.55 ], 
															"unwrapMode": 4,
															"uv": [ 52.0, 0.0 ],
															"rotationOrigin": [ -0.07, 0.5, 0.4 ],
															"faces": {
																"north": { "texture": "#bandit1", "uv": [ 52.0, 0.5, 52.5, 1.0 ] },
																"east": { "texture": "#bandit1", "uv": [ 53.5, 0.5, 54.0, 1.0 ], "enabled": false },
																"south": { "texture": "#bandit1", "uv": [ 53.0, 0.5, 53.5, 1.0 ] },
																"west": { "texture": "#bandit1", "uv": [ 52.5, 0.5, 53.0, 1.0 ] },
																"up": { "texture": "#bandit1", "uv": [ 52.5, 0.0, 53.0, 0.5 ], "rotation": 90 },
																"down": { "texture": "#bandit1", "uv": [ 52.5, 1.0, 53.0, 1.5 ], "rotation": 90 }
															}
														}
													]
												}
											]
										},
										{
											"name": "L eye2",
											"from": [ -0.01, 1.75, 2.95 ], 
											"to": [ 0.09, 2.7, 4.15 ], 
											"unwrapMode": 4,
											"uv": [ 54.5, 2.0 ],
											"rotationOrigin": [ -0.1, 1.7, 3.1 ],
											"faces": {
												"north": { "texture": "#bandit1", "uv": [ 54.5, 2.5, 55.0, 3.0 ] },
												"east": { "texture": "#bandit1", "uv": [ 56.5, 2.5, 57.5, 3.0 ], "enabled": false },
												"south": { "texture": "#bandit1", "uv": [ 56.0, 2.5, 56.5, 3.0 ] },
												"west": { "texture": "#bandit1", "uv": [ 55.0, 2.5, 56.0, 3.0 ] },
												"up": { "texture": "#bandit1", "uv": [ 55.0, 2.0, 56.0, 2.5 ], "rotation": 90 },
												"down": { "texture": "#bandit1", "uv": [ 55.0, 3.0, 56.0, 3.5 ], "rotation": 90 }
											},
											"children": [
												{
													"name": "L pupil",
													"from": [ -0.03, 0.15, 0.15 ], 
													"to": [ 0.07, 0.85, 1.05 ], 
													"unwrapMode": 4,
													"uv": [ 60.5, 0.0 ],
													"rotationOrigin": [ -0.1, 0.3, 0.2 ],
													"faces": {
														"north": { "texture": "#bandit1", "uv": [ 60.5, 0.5, 61.0, 1.0 ] },
														"east": { "texture": "#bandit1", "uv": [ 62.0, 0.5, 62.5, 1.0 ], "enabled": false },
														"south": { "texture": "#bandit1", "uv": [ 61.5, 0.5, 62.0, 1.0 ] },
														"west": { "texture": "#bandit1", "uv": [ 61.0, 0.5, 61.5, 1.0 ] },
														"up": { "texture": "#bandit1", "uv": [ 61.0, 0.0, 61.5, 0.5 ], "rotation": 90 },
														"down": { "texture": "#bandit1", "uv": [ 61.0, 1.0, 61.5, 1.5 ], "rotation": 90 }
													},
													"children": [
														{
															"name": "shine small 2",
															"from": [ -0.01, 0.33, 0.45 ], 
															"to": [ 0.09, 0.43, 0.55 ], 
															"unwrapMode": 4,
															"uv": [ 52.0, 0.0 ],
															"rotationOrigin": [ -0.07, 0.5, 0.4 ],
															"faces": {
																"north": { "texture": "#bandit1", "uv": [ 52.0, 0.5, 52.5, 1.0 ] },
																"east": { "texture": "#bandit1", "uv": [ 53.5, 0.5, 54.0, 1.0 ], "enabled": false },
																"south": { "texture": "#bandit1", "uv": [ 53.0, 0.5, 53.5, 1.0 ] },
																"west": { "texture": "#bandit1", "uv": [ 52.5, 0.5, 53.0, 1.0 ] },
																"up": { "texture": "#bandit1", "uv": [ 52.5, 0.0, 53.0, 0.5 ], "rotation": 90 },
																"down": { "texture": "#bandit1", "uv": [ 52.5, 1.0, 53.0, 1.5 ], "rotation": 90 }
															}
														},
														{
															"name": "shine large 2",
															"from": [ -0.01, 0.37, 0.6 ], 
															"to": [ 0.09, 0.57, 0.8 ], 
															"unwrapMode": 4,
															"uv": [ 52.0, 1.5 ],
															"rotationOrigin": [ -0.07, 0.5, 0.6 ],
															"faces": {
																"north": { "texture": "#bandit1", "uv": [ 52.0, 2.0, 52.5, 2.5 ] },
																"east": { "texture": "#bandit1", "uv": [ 53.5, 2.0, 54.0, 2.5 ], "enabled": false },
																"south": { "texture": "#bandit1", "uv": [ 53.0, 2.0, 53.5, 2.5 ] },
																"west": { "texture": "#bandit1", "uv": [ 52.5, 2.0, 53.0, 2.5 ] },
																"up": { "texture": "#bandit1", "uv": [ 52.5, 1.5, 53.0, 2.0 ], "rotation": 90 },
																"down": { "texture": "#bandit1", "uv": [ 52.5, 2.5, 53.0, 3.0 ], "rotation": 90 }
															}
														}
													]
												}
											]
										},
										{
											"name": "R eyebrow 1",
											"from": [ -0.1, 2.95, 1.2 ], 
											"to": [ 0.1, 3.25, 2.2 ], 
											"unwrapMode": 4,
											"uv": [ 34.5, 1.0 ],
											"rotationOrigin": [ 0.9, 2.9, 2.2 ],
											"faces": {
												"north": { "texture": "#bandit1", "uv": [ 34.5, 1.5, 35.0, 2.0 ] },
												"east": { "texture": "#bandit1", "uv": [ 36.5, 1.5, 37.5, 2.0 ], "enabled": false },
												"south": { "texture": "#bandit1", "uv": [ 36.0, 1.5, 36.5, 2.0 ] },
												"west": { "texture": "#bandit1", "uv": [ 35.0, 1.5, 36.0, 2.0 ] },
												"up": { "texture": "#bandit1", "uv": [ 35.0, 1.0, 36.0, 1.5 ], "rotation": 90 },
												"down": { "texture": "#bandit1", "uv": [ 35.0, 2.0, 36.0, 2.5 ], "rotation": 90 }
											},
											"children": [
												{
													"name": "R eyebrow 2",
													"from": [ 0.0, 0.0, -0.9 ], 
													"to": [ 0.2, 0.3, 0.1 ], 
													"unwrapMode": 4,
													"uv": [ 37.5, 2.0 ],
													"rotationOrigin": [ 1.0, 0.0, 0.1 ],
													"rotationX": -2.0,
													"faces": {
														"north": { "texture": "#bandit1", "uv": [ 37.5, 2.5, 38.0, 3.0 ] },
														"east": { "texture": "#bandit1", "uv": [ 39.5, 2.5, 40.5, 3.0 ], "enabled": false },
														"south": { "texture": "#bandit1", "uv": [ 39.0, 2.5, 39.5, 3.0 ] },
														"west": { "texture": "#bandit1", "uv": [ 38.0, 2.5, 39.0, 3.0 ] },
														"up": { "texture": "#bandit1", "uv": [ 38.0, 2.0, 39.0, 2.5 ], "rotation": 90 },
														"down": { "texture": "#bandit1", "uv": [ 38.0, 3.0, 39.0, 3.5 ], "rotation": 90 }
													}
												}
											]
										},
										{
											"name": "L eyebrow 1",
											"from": [ -0.1, 2.95, 2.8 ], 
											"to": [ 0.1, 3.25, 3.8 ], 
											"unwrapMode": 4,
											"uv": [ 35.5, 2.0 ],
											"rotationOrigin": [ 0.9, 2.9, 2.8 ],
											"faces": {
												"north": { "texture": "#bandit1", "uv": [ 35.5, 2.5, 36.0, 3.0 ] },
												"east": { "texture": "#bandit1", "uv": [ 37.5, 2.5, 38.5, 3.0 ], "enabled": false },
												"south": { "texture": "#bandit1", "uv": [ 37.0, 2.5, 37.5, 3.0 ] },
												"west": { "texture": "#bandit1", "uv": [ 36.0, 2.5, 37.0, 3.0 ] },
												"up": { "texture": "#bandit1", "uv": [ 36.0, 2.0, 37.0, 2.5 ], "rotation": 90 },
												"down": { "texture": "#bandit1", "uv": [ 36.0, 3.0, 37.0, 3.5 ], "rotation": 90 }
											},
											"children": [
												{
													"name": "L eyebrow 2",
													"from": [ 0.0, 0.0, 0.9 ], 
													"to": [ 0.2, 0.3, 1.9 ], 
													"unwrapMode": 4,
													"uv": [ 40.5, 1.0 ],
													"rotationOrigin": [ 1.0, 0.0, 0.9 ],
													"rotationX": 2.0,
													"faces": {
														"north": { "texture": "#bandit1", "uv": [ 40.5, 1.5, 41.0, 2.0 ] },
														"east": { "texture": "#bandit1", "uv": [ 42.5, 1.5, 43.5, 2.0 ], "enabled": false },
														"south": { "texture": "#bandit1", "uv": [ 42.0, 1.5, 42.5, 2.0 ] },
														"west": { "texture": "#bandit1", "uv": [ 41.0, 1.5, 42.0, 2.0 ] },
														"up": { "texture": "#bandit1", "uv": [ 41.0, 1.0, 42.0, 1.5 ], "rotation": 90 },
														"down": { "texture": "#bandit1", "uv": [ 41.0, 2.0, 42.0, 2.5 ], "rotation": 90 }
													}
												}
											]
										},
										{
											"name": "mouth",
											"from": [ -0.1, 0.65, 2.0 ], 
											"to": [ 0.1, 0.95, 3.0 ], 
											"unwrapMode": 4,
											"uv": [ 39.0, 0.5 ],
											"rotationOrigin": [ 0.9, 0.6, 3.0 ],
											"faces": {
												"north": { "texture": "#bandit1", "uv": [ 39.0, 1.0, 39.5, 1.5 ] },
												"east": { "texture": "#bandit1", "uv": [ 41.0, 1.0, 42.0, 1.5 ], "enabled": false },
												"south": { "texture": "#bandit1", "uv": [ 40.5, 1.0, 41.0, 1.5 ] },
												"west": { "texture": "#bandit1", "uv": [ 39.5, 1.0, 40.5, 1.5 ] },
												"up": { "texture": "#bandit1", "uv": [ 39.5, 0.5, 40.5, 1.0 ], "rotation": 90 },
												"down": { "texture": "#bandit1", "uv": [ 39.5, 1.5, 40.5, 2.0 ], "rotation": 90 }
											},
											"children": [
												{
													"name": "mouth L",
													"from": [ 0.05, -0.01, -0.5 ], 
													"to": [ 0.25, 0.29, 0.8 ], 
													"unwrapMode": 4,
													"uv": [ 31.0, 1.0 ],
													"rotationOrigin": [ 1.0, 0.0, 0.5 ],
													"rotationX": 1.0,
													"faces": {
														"north": { "texture": "#bandit1", "uv": [ 31.0, 1.5, 31.5, 2.0 ] },
														"east": { "texture": "#bandit1", "uv": [ 33.0, 1.5, 34.0, 2.0 ], "enabled": false },
														"south": { "texture": "#bandit1", "uv": [ 32.5, 1.5, 33.0, 2.0 ] },
														"west": { "texture": "#bandit1", "uv": [ 31.5, 1.5, 32.5, 2.0 ] },
														"up": { "texture": "#bandit1", "uv": [ 31.5, 1.0, 32.5, 1.5 ], "rotation": 90 },
														"down": { "texture": "#bandit1", "uv": [ 31.5, 2.0, 32.5, 2.5 ], "rotation": 90 }
													}
												},
												{
													"name": "mouth R",
													"from": [ 0.05, -0.01, 0.4 ], 
													"to": [ 0.25, 0.29, 1.5 ], 
													"unwrapMode": 4,
													"uv": [ 28.0, 0.0 ],
													"rotationOrigin": [ 1.1, 0.0, 0.4 ],
													"rotationX": -1.0,
													"faces": {
														"north": { "texture": "#bandit1", "uv": [ 28.0, 0.5, 28.5, 1.0 ] },
														"east": { "texture": "#bandit1", "uv": [ 30.0, 0.5, 31.0, 1.0 ], "enabled": false },
														"south": { "texture": "#bandit1", "uv": [ 29.5, 0.5, 30.0, 1.0 ] },
														"west": { "texture": "#bandit1", "uv": [ 28.5, 0.5, 29.5, 1.0 ] },
														"up": { "texture": "#bandit1", "uv": [ 28.5, 0.0, 29.5, 0.5 ], "rotation": 90 },
														"down": { "texture": "#bandit1", "uv": [ 28.5, 1.0, 29.5, 1.5 ], "rotation": 90 }
													}
												}
											]
										},
										{
											"name": "eyelid r",
											"from": [ -0.05, 2.0, 0.9 ], 
											"to": [ 0.01, 2.15, 2.25 ], 
											"unwrapMode": 4,
											"uv": [ 32.5, 0.0 ],
											"rotationOrigin": [ -0.2, 2.4, 1.5 ],
											"rotationX": 180.0,
											"faces": {
												"north": { "texture": "#bandit1", "uv": [ 32.5, 0.5, 33.0, 1.0 ] },
												"east": { "texture": "#bandit1", "uv": [ 34.5, 0.5, 35.5, 1.0 ], "enabled": false },
												"south": { "texture": "#bandit1", "uv": [ 34.0, 0.5, 34.5, 1.0 ] },
												"west": { "texture": "#bandit1", "uv": [ 33.0, 0.5, 34.0, 1.0 ] },
												"up": { "texture": "#bandit1", "uv": [ 33.0, 0.0, 34.0, 0.5 ], "rotation": 90 },
												"down": { "texture": "#bandit1", "uv": [ 33.0, 1.0, 34.0, 1.5 ], "rotation": 90 }
											}
										},
										{
											"name": "eyelid l",
											"from": [ -0.05, 2.0, 3.15 ], 
											"to": [ 0.01, 2.15, 4.5 ], 
											"unwrapMode": 4,
											"uv": [ 30.0, 0.0 ],
											"rotationOrigin": [ -0.2, 2.4, 3.7 ],
											"rotationX": 180.0,
											"faces": {
												"north": { "texture": "#bandit1", "uv": [ 30.0, 0.5, 30.5, 1.0 ] },
												"east": { "texture": "#bandit1", "uv": [ 32.0, 0.5, 33.0, 1.0 ], "enabled": false },
												"south": { "texture": "#bandit1", "uv": [ 31.5, 0.5, 32.0, 1.0 ] },
												"west": { "texture": "#bandit1", "uv": [ 30.5, 0.5, 31.5, 1.0 ] },
												"up": { "texture": "#bandit1", "uv": [ 30.5, 0.0, 31.5, 0.5 ], "rotation": 90 },
												"down": { "texture": "#bandit1", "uv": [ 30.5, 1.0, 31.5, 1.5 ], "rotation": 90 }
											}
										}
									],
									"attachmentpoints": [
										{
											"code": "Eyes",
											"posX": "1.3","posY": "3.5","posZ": "2.5",
											"rotationX": "0.0","rotationY": "-90.0","rotationZ": "0.0"
										}
									]
								}
							]
						},
						{
							"name": "UpperButtons",
							"from": [ -0.1, 0.0, 2.3 ], 
							"to": [ -0.1, 5.0, 3.9 ], 
							"uv": [ 0.0, 0.0 ],
							"rotationOrigin": [ -0.1, 5.0, 2.8 ],
							"faces": {
								"north": { "texture": "#bandit1", "uv": [ 0.0, 0.5, 0.0, 5.5 ], "enabled": false },
								"east": { "texture": "#bandit1", "uv": [ 0.0, 0.5, 0.5, 5.5 ], "enabled": false },
								"south": { "texture": "#bandit1", "uv": [ 0.0, 0.0, 0.0, 5.0 ], "enabled": false },
								"west": { "texture": "#bandit1", "uv": [ 0.0, 0.0, 1.5, 5.0 ] },
								"up": { "texture": "#bandit1", "uv": [ 0.0, 0.0, 0.0, 0.5 ], "enabled": false },
								"down": { "texture": "#bandit1", "uv": [ 0.0, 0.0, 0.0, 0.5 ], "enabled": false }
							}
						},
						{
							"name": "UpperArmR",
							"from": [ 1.0, -2.1, -1.2 ], 
							"to": [ 4.0, 4.9, 0.8 ], 
							"unwrapMode": 4,
							"autoUnwrap": false,
							"uv": [ 31.0, 36.0 ],
							"rotationOrigin": [ 2.0, 4.7, 0.8 ],
							"rotationX": 10.0,
							"faces": {
								"north": { "texture": "#bandit1", "uv": [ 33.0, 41.5, 36.0, 48.5 ] },
								"east": { "texture": "#bandit1", "uv": [ 31.0, 41.5, 33.0, 48.5 ] },
								"south": { "texture": "#bandit1", "uv": [ 38.0, 41.5, 41.0, 48.5 ] },
								"west": { "texture": "#bandit1", "uv": [ 36.0, 41.5, 38.0, 48.5 ] },
								"up": { "texture": "#bandit1", "uv": [ 36.0, 38.5, 38.0, 41.5 ], "rotation": 90 },
								"down": { "texture": "#bandit1", "uv": [ 36.0, 48.5, 38.0, 51.5 ], "rotation": 90 }
							},
							"children": [
								{
									"name": "LowerArmR",
									"from": [ 0.1, -7.3, 0.1 ], 
									"to": [ 2.6, 0.7, 2.1 ], 
									"unwrapMode": 4,
									"autoUnwrap": false,
									"uv": [ 31.5, 49.0 ],
									"rotationOrigin": [ 1.3, 0.7, 1.1 ],
									"rotationX": -8.0,
									"rotationZ": -6.0,
									"faces": {
										"north": { "texture": "#bandit1", "uv": [ 33.5, 51.5, 36.0, 59.5 ] },
										"east": { "texture": "#bandit1", "uv": [ 31.5, 51.5, 33.5, 59.5 ] },
										"south": { "texture": "#bandit1", "uv": [ 38.0, 51.5, 40.5, 59.5 ] },
										"west": { "texture": "#bandit1", "uv": [ 36.0, 51.5, 38.0, 59.5 ] },
										"up": { "texture": "#bandit1", "uv": [ 36.0, 49.0, 38.0, 51.5 ], "rotation": 90 },
										"down": { "texture": "#bandit1", "uv": [ 36.0, 59.5, 38.0, 62.0 ], "rotation": 90 }
									},
									"children": [
										{
											"name": "spear",
											"from": [ 8.5753, 1.2027, 4.7624 ], 
											"to": [ 8.5753, 1.2027, 4.7624 ], 
											"uv": [ 0.0, -1.0 ],
											"rotationOrigin": [ -1.4223, -1.2992, 3.0611 ],
											"rotationX": -179.686,
											"rotationY": 2.984,
											"rotationZ": -178.008,
											"faces": {
												"north": { "texture": "#string", "uv": [ 0.0, -0.5, 0.5, 0.0 ] },
												"east": { "texture": "#string", "uv": [ 0.5, -0.5, 1.0, 0.0 ] },
												"south": { "texture": "#string", "uv": [ 1.0, -0.5, 1.5, 0.0 ] },
												"west": { "texture": "#string", "uv": [ 1.5, -0.5, 2.0, 0.0 ] },
												"up": { "texture": "#string", "uv": [ 0.0, -1.0, 0.5, -0.5 ] },
												"down": { "texture": "#string", "uv": [ 0.5, -1.0, 1.0, -0.5 ] }
											},
											"children": [
												{
													"name": "handle",
													"from": [ -8.0, -0.5, -0.5 ], 
													"to": [ 8.0, 1.0, 1.0 ], 
													"uv": [ 0.0, 0.5 ],
													"rotationOrigin": [ -9.5, -8.0, 0.0 ],
													"faces": {
														"north": { "texture": "#spearwood", "uv": [ 0.0, 5.5, 16.0, 7.0 ] },
														"east": { "texture": "#spearwood", "uv": [ 7.0, 0.5, 8.5, 2.0 ] },
														"south": { "texture": "#spearwood", "uv": [ 0.0, 10.5, 16.0, 12.0 ] },
														"west": { "texture": "#spearwood", "uv": [ 14.0, 10.0, 15.5, 11.5 ] },
														"up": { "texture": "#spearwood", "uv": [ 0.0, 4.5, 16.0, 6.0 ] },
														"down": { "texture": "#spearwood", "uv": [ 0.0, 5.0, 16.0, 6.5 ] }
													},
													"children": [
														{
															"name": "Cube24",
															"from": [ 16.0, 0.0, 0.0 ], 
															"to": [ 18.0, 1.0, 1.5 ], 
															"uv": [ 0.0, 0.0 ],
															"rotationOrigin": [ 16.0, 0.0, 0.0 ],
															"faces": {
																"north": { "texture": "#spearwood", "uv": [ 11.0, 8.0, 13.0, 9.0 ] },
																"east": { "texture": "#spearwood", "uv": [ 3.0, 4.0, 4.5, 5.0 ] },
																"south": { "texture": "#spearwood", "uv": [ 1.0, 8.0, 3.0, 9.0 ] },
																"west": { "texture": "#spearwood", "uv": [ 0.0, 0.0, 1.5, 1.0 ] },
																"up": { "texture": "#spearwood", "uv": [ 0.0, 7.5, 2.0, 9.0 ] },
																"down": { "texture": "#spearwood", "uv": [ 0.0, 0.0, 2.0, 1.5 ] }
															}
														}
													]
												},
												{
													"name": "string 1",
													"from": [ 5.2, -0.9, -1.0 ], 
													"to": [ 5.7, 1.3, 2.0 ], 
													"uv": [ 1.0, 0.0 ],
													"rotationOrigin": [ 5.2, -0.9, 0.5 ],
													"rotationY": 52.0,
													"rotationZ": -1.0,
													"faces": {
														"north": { "texture": "#string", "uv": [ 10.0, 0.0, 12.0, 2.0 ], "rotation": 90 },
														"east": { "texture": "#string", "uv": [ 2.0, 2.0, 5.0, 4.0 ] },
														"south": { "texture": "#string", "uv": [ 6.0, 2.0, 8.0, 4.0 ], "rotation": 90 },
														"west": { "texture": "#string", "uv": [ 1.0, 1.5, 4.0, 3.5 ] },
														"up": { "texture": "#string", "uv": [ 2.0, 0.0, 4.0, 2.0 ], "rotation": 90 },
														"down": { "texture": "#string", "uv": [ 8.0, 2.0, 10.0, 4.0 ], "rotation": 90 }
													}
												},
												{
													"name": "string 2",
													"from": [ -15.5, -0.7, -1.5 ], 
													"to": [ -15.0, 1.3, 1.5 ], 
													"uv": [ 0.0, 0.0 ],
													"rotationOrigin": [ -15.5, -0.7, 0.0 ],
													"rotationY": -52.0,
													"faces": {
														"north": { "texture": "#string", "uv": [ 2.0, 0.0, 4.0, 2.0 ], "rotation": 90 },
														"east": { "texture": "#string", "uv": [ 0.0, 0.0, 3.0, 2.0 ] },
														"south": { "texture": "#string", "uv": [ 0.0, 0.0, 0.5, 2.0 ] },
														"west": { "texture": "#string", "uv": [ 0.0, 0.0, 3.0, 2.0 ] },
														"up": { "texture": "#string", "uv": [ 4.0, 0.0, 6.0, 2.0 ], "rotation": 90 },
														"down": { "texture": "#string", "uv": [ 0.0, 0.0, 0.5, 3.0 ] }
													}
												},
												{
													"name": "string 3",
													"from": [ 6.2, -0.6, -0.7 ], 
													"to": [ 6.7, 1.1, 1.3 ], 
													"uv": [ 0.0, 0.0 ],
													"rotationOrigin": [ 6.2, -0.6, 0.8 ],
													"rotationY": 12.0,
													"faces": {
														"north": { "texture": "#string", "uv": [ 8.0, 0.0, 10.0, 2.0 ], "rotation": 90 },
														"east": { "texture": "#string", "uv": [ 0.0, 0.0, 2.0, 1.5 ] },
														"south": { "texture": "#string", "uv": [ 2.0, 0.0, 4.0, 2.0 ], "rotation": 90 },
														"west": { "texture": "#string", "uv": [ 2.0, 2.5, 4.0, 4.0 ] },
														"up": { "texture": "#string", "uv": [ 0.0, 0.0, 0.5, 2.0 ] },
														"down": { "texture": "#string", "uv": [ 0.0, 0.0, 0.5, 2.0 ] }
													}
												},
												{
													"name": "string 4",
													"from": [ 4.8, -0.7, -0.9 ], 
													"to": [ 5.3, 1.5, 1.1 ], 
													"uv": [ 0.0, 0.0 ],
													"rotationOrigin": [ 4.8, -0.7, 0.6 ],
													"rotationX": 2.0,
													"rotationY": -26.0,
													"faces": {
														"north": { "texture": "#string", "uv": [ 0.0, 0.0, 2.0, 2.0 ], "rotation": 90 },
														"east": { "texture": "#string", "uv": [ 0.0, 0.0, 2.0, 2.0 ] },
														"south": { "texture": "#string", "uv": [ 2.0, 0.0, 4.0, 2.0 ], "rotation": 90 },
														"west": { "texture": "#string", "uv": [ 0.0, 4.0, 2.0, 6.0 ] },
														"up": { "texture": "#string", "uv": [ 4.0, 0.0, 6.0, 2.0 ], "rotation": 90 },
														"down": { "texture": "#string", "uv": [ 6.0, 0.0, 8.0, 2.0 ], "rotation": 90 }
													}
												},
												{
													"name": "string 5",
													"from": [ 3.8, -0.6, -0.8 ], 
													"to": [ 4.3, 1.1, 1.2 ], 
													"uv": [ 0.0, 0.0 ],
													"rotationOrigin": [ 3.8, -0.6, 0.7 ],
													"rotationX": 1.0,
													"faces": {
														"north": { "texture": "#string", "uv": [ 2.0, 0.0, 4.0, 2.0 ], "rotation": 90 },
														"east": { "texture": "#string", "uv": [ 0.0, 2.0, 2.0, 3.5 ] },
														"south": { "texture": "#string", "uv": [ 0.0, 2.0, 2.0, 4.0 ], "rotation": 90 },
														"west": { "texture": "#string", "uv": [ 2.0, 2.5, 4.0, 4.0 ] },
														"up": { "texture": "#string", "uv": [ 4.0, 0.0, 6.0, 2.0 ], "rotation": 90 },
														"down": { "texture": "#string", "uv": [ 2.0, 2.0, 4.0, 4.0 ], "rotation": 90 }
													}
												},
												{
													"name": "string 6",
													"from": [ 7.3, -1.0, -0.7 ], 
													"to": [ 7.8, 1.5, 1.3 ], 
													"uv": [ 0.0, 1.0 ],
													"rotationOrigin": [ 7.3, -1.0, 0.8 ],
													"rotationY": 6.0,
													"rotationZ": 2.0,
													"faces": {
														"north": { "texture": "#string", "uv": [ 8.0, 2.0, 10.0, 4.0 ], "rotation": 90 },
														"east": { "texture": "#string", "uv": [ 0.0, 2.0, 2.0, 4.5 ] },
														"south": { "texture": "#string", "uv": [ 6.0, 4.0, 8.0, 6.0 ], "rotation": 90 },
														"west": { "texture": "#string", "uv": [ 3.0, 2.5, 5.0, 5.0 ] },
														"up": { "texture": "#string", "uv": [ 6.0, 2.0, 8.0, 4.0 ], "rotation": 90 },
														"down": { "texture": "#string", "uv": [ 8.0, 2.0, 10.0, 4.0 ], "rotation": 90 }
													}
												},
												{
													"name": "handle 2",
													"from": [ -24.0, -0.5, -0.5 ], 
													"to": [ -8.0, 1.0, 1.0 ], 
													"uv": [ 0.0, 0.5 ],
													"rotationOrigin": [ -25.5, -8.0, 0.0 ],
													"faces": {
														"north": { "texture": "#spearwood", "uv": [ 0.0, 5.5, 16.0, 7.0 ] },
														"east": { "texture": "#spearwood", "uv": [ 0.5, 0.5, 2.0, 2.0 ] },
														"south": { "texture": "#spearwood", "uv": [ 0.0, 10.5, 16.0, 12.0 ] },
														"west": { "texture": "#spearwood", "uv": [ 14.0, 10.0, 15.5, 11.5 ] },
														"up": { "texture": "#spearwood", "uv": [ 0.0, 4.5, 16.0, 6.0 ] },
														"down": { "texture": "#spearwood", "uv": [ 0.0, 5.0, 16.0, 6.5 ] }
													}
												},
												{
													"name": "segment main11",
													"from": [ 10.0, 0.0, 0.0 ], 
													"to": [ 14.0, 0.5, 0.5 ], 
													"uv": [ 1.0, 2.0 ],
													"rotationOrigin": [ 10.0, 0.0, 0.0 ],
													"faces": {
														"north": { "texture": "#copper", "uv": [ 1.0, 3.5, 5.0, 4.0 ] },
														"east": { "texture": "#copper", "uv": [ 1.0, 2.0, 1.5, 2.5 ] },
														"south": { "texture": "#copper", "uv": [ 2.5, 4.5, 6.5, 5.0 ] },
														"west": { "texture": "#copper", "uv": [ 6.0, 2.0, 6.5, 2.5 ] },
														"up": { "texture": "#copper", "uv": [ 9.0, 2.0, 11.0, 6.0 ], "rotation": 90 },
														"down": { "texture": "#copper", "uv": [ 4.0, 3.0, 8.0, 3.5 ] }
													}
												},
												{
													"name": "segment main12",
													"from": [ 8.0, -0.5, 0.0 ], 
													"to": [ 11.0, 1.0, 0.5 ], 
													"uv": [ 1.0, 2.0 ],
													"rotationOrigin": [ 8.0, -0.5, 0.0 ],
													"faces": {
														"north": { "texture": "#copper", "uv": [ 1.0, 3.5, 4.0, 5.0 ] },
														"east": { "texture": "#copper", "uv": [ 1.0, 2.0, 1.5, 3.5 ] },
														"south": { "texture": "#copper", "uv": [ 2.5, 4.5, 5.5, 6.0 ] },
														"west": { "texture": "#copper", "uv": [ 6.0, 2.0, 6.5, 3.5 ] },
														"up": { "texture": "#copper", "uv": [ 9.0, 2.0, 11.0, 4.0 ], "rotation": 90 },
														"down": { "texture": "#copper", "uv": [ 4.0, 3.0, 7.0, 3.5 ] }
													}
												},
												{
													"name": "segment main13",
													"from": [ 10.0, -0.5, 0.0 ], 
													"to": [ 12.5, 0.0, 0.5 ], 
													"uv": [ 1.0, 2.0 ],
													"rotationOrigin": [ 10.0, -0.5, 0.0 ],
													"faces": {
														"north": { "texture": "#copper", "uv": [ 1.0, 3.5, 3.5, 4.0 ] },
														"east": { "texture": "#copper", "uv": [ 1.0, 2.0, 1.5, 2.5 ] },
														"south": { "texture": "#copper", "uv": [ 2.5, 4.5, 5.0, 5.0 ] },
														"west": { "texture": "#copper", "uv": [ 6.0, 2.0, 6.5, 2.5 ] },
														"up": { "texture": "#copper", "uv": [ 9.0, 2.0, 11.0, 4.0 ], "rotation": 90 },
														"down": { "texture": "#copper", "uv": [ 4.0, 3.0, 6.5, 3.5 ] }
													}
												},
												{
													"name": "segment main18",
													"from": [ 2.5, 0.7, 0.2 ], 
													"to": [ 9.0, 1.2, 0.4 ], 
													"uv": [ 1.0, 2.0 ],
													"rotationOrigin": [ 9.0, 0.7, 0.2 ],
													"rotationZ": -4.0,
													"faces": {
														"north": { "texture": "#copper", "uv": [ 1.0, 3.5, 7.5, 4.0 ] },
														"east": { "texture": "#copper", "uv": [ 1.0, 2.0, 1.5, 2.5 ] },
														"south": { "texture": "#copper", "uv": [ 2.5, 4.5, 9.0, 5.0 ] },
														"west": { "texture": "#copper", "uv": [ 6.0, 2.0, 6.5, 2.5 ] },
														"up": { "texture": "#copper", "uv": [ 9.0, 2.0, 11.0, 8.0 ], "rotation": 90 },
														"down": { "texture": "#copper", "uv": [ 4.0, 3.0, 10.5, 3.5 ] }
													},
													"children": [
														{
															"name": "Cube23",
															"from": [ 5.0, 0.0, 0.0 ], 
															"to": [ 5.5, 2.0, 0.2 ], 
															"uv": [ 0.0, 0.0 ],
															"rotationOrigin": [ 5.0, 0.0, 0.0 ],
															"rotationX": 1.0,
															"rotationZ": 60.0,
															"faces": {
																"north": { "texture": "#copper", "uv": [ 0.0, 0.0, 0.5, 2.0 ] },
																"east": { "texture": "#copper", "uv": [ 0.0, 0.0, 0.5, 2.0 ] },
																"south": { "texture": "#copper", "uv": [ 0.0, 0.0, 0.5, 2.0 ] },
																"west": { "texture": "#copper", "uv": [ 0.0, 0.0, 0.5, 2.0 ] },
																"up": { "texture": "#copper", "uv": [ 0.0, 0.0, 0.5, 0.5 ] },
																"down": { "texture": "#copper", "uv": [ 0.0, 0.0, 0.5, 0.5 ] }
															}
														},
														{
															"name": "Cube27",
															"from": [ 4.3, 0.0, 0.0 ], 
															"to": [ 4.8, 1.0, 0.2 ], 
															"uv": [ 0.0, 0.0 ],
															"rotationOrigin": [ 4.3, 0.0, 0.0 ],
															"rotationX": 1.0,
															"rotationZ": 60.0,
															"faces": {
																"north": { "texture": "#copper", "uv": [ 0.0, 0.0, 0.5, 1.0 ] },
																"east": { "texture": "#copper", "uv": [ 0.0, 0.0, 0.5, 1.0 ] },
																"south": { "texture": "#copper", "uv": [ 0.0, 0.0, 0.5, 1.0 ] },
																"west": { "texture": "#copper", "uv": [ 0.0, 0.0, 0.5, 1.0 ] },
																"up": { "texture": "#copper", "uv": [ 0.0, 0.0, 0.5, 0.5 ] },
																"down": { "texture": "#copper", "uv": [ 0.0, 0.0, 0.5, 0.5 ] }
															}
														}
													]
												},
												{
													"name": "segment main19",
													"from": [ 3.0, -0.7, 0.2 ], 
													"to": [ 9.5, -0.2, 0.4 ], 
													"uv": [ 1.0, 2.0 ],
													"rotationOrigin": [ 9.5, -0.2, 0.2 ],
													"rotationZ": 4.0,
													"faces": {
														"north": { "texture": "#copper", "uv": [ 1.0, 3.5, 7.5, 4.0 ] },
														"east": { "texture": "#copper", "uv": [ 1.0, 2.0, 1.5, 2.5 ] },
														"south": { "texture": "#copper", "uv": [ 2.5, 4.5, 9.0, 5.0 ] },
														"west": { "texture": "#copper", "uv": [ 6.0, 2.0, 6.5, 2.5 ] },
														"up": { "texture": "#copper", "uv": [ 9.0, 2.0, 11.0, 8.0 ], "rotation": 90 },
														"down": { "texture": "#copper", "uv": [ 4.0, 3.0, 10.5, 3.5 ] }
													}
												},
												{
													"name": "string 26",
													"from": [ -14.7, -0.8, -0.7 ], 
													"to": [ -14.2, 1.2, 1.3 ], 
													"uv": [ 0.0, 1.0 ],
													"rotationOrigin": [ -14.7, -0.8, 0.8 ],
													"rotationY": 6.0,
													"rotationZ": 2.0,
													"faces": {
														"north": { "texture": "#string", "uv": [ 8.0, 2.0, 10.0, 4.0 ], "rotation": 90 },
														"east": { "texture": "#string", "uv": [ 0.0, 2.0, 2.0, 4.0 ] },
														"south": { "texture": "#string", "uv": [ 6.0, 4.0, 8.0, 6.0 ], "rotation": 90 },
														"west": { "texture": "#string", "uv": [ 3.0, 2.5, 5.0, 4.5 ] },
														"up": { "texture": "#string", "uv": [ 6.0, 2.0, 8.0, 4.0 ], "rotation": 90 },
														"down": { "texture": "#string", "uv": [ 8.0, 2.0, 10.0, 4.0 ], "rotation": 90 }
													}
												},
												{
													"name": "string 27",
													"from": [ -15.1, -0.8, -0.8 ], 
													"to": [ -14.6, 1.2, 1.2 ], 
													"uv": [ 0.0, 0.0 ],
													"rotationOrigin": [ -15.1, -0.8, 0.7 ],
													"rotationX": 1.0,
													"rotationZ": 19.0,
													"faces": {
														"north": { "texture": "#string", "uv": [ 2.0, 0.0, 4.0, 2.0 ], "rotation": 90 },
														"east": { "texture": "#string", "uv": [ 0.0, 2.0, 2.0, 4.0 ] },
														"south": { "texture": "#string", "uv": [ 0.0, 2.0, 2.0, 4.0 ], "rotation": 90 },
														"west": { "texture": "#string", "uv": [ 2.0, 2.5, 4.0, 4.5 ] },
														"up": { "texture": "#string", "uv": [ 4.0, 0.0, 6.0, 2.0 ], "rotation": 90 },
														"down": { "texture": "#string", "uv": [ 2.0, 2.0, 4.0, 4.0 ], "rotation": 90 }
													}
												},
												{
													"name": "string 28",
													"from": [ -11.0, -0.8, -0.7 ], 
													"to": [ -10.5, 1.2, 1.3 ], 
													"uv": [ 0.0, 0.0 ],
													"rotationOrigin": [ -11.0, -0.8, 0.8 ],
													"rotationY": -17.0,
													"faces": {
														"north": { "texture": "#string", "uv": [ 8.0, 0.0, 10.0, 2.0 ], "rotation": 90 },
														"east": { "texture": "#string", "uv": [ 0.0, 0.0, 2.0, 2.0 ] },
														"south": { "texture": "#string", "uv": [ 2.0, 0.0, 4.0, 2.0 ], "rotation": 90 },
														"west": { "texture": "#string", "uv": [ 2.0, 2.5, 4.0, 4.5 ] },
														"up": { "texture": "#string", "uv": [ 0.0, 0.0, 0.5, 2.0 ] },
														"down": { "texture": "#string", "uv": [ 0.0, 0.0, 0.5, 2.0 ] }
													}
												},
												{
													"name": "string 29",
													"from": [ -10.5, -0.9, -0.9 ], 
													"to": [ -10.0, 1.1, 1.6 ], 
													"uv": [ 1.0, 0.0 ],
													"rotationOrigin": [ -10.5, -0.9, 0.6 ],
													"rotationY": 42.0,
													"rotationZ": -1.0,
													"faces": {
														"north": { "texture": "#string", "uv": [ 10.0, 0.0, 12.0, 2.0 ], "rotation": 90 },
														"east": { "texture": "#string", "uv": [ 2.0, 2.0, 4.5, 4.0 ] },
														"south": { "texture": "#string", "uv": [ 6.0, 2.0, 8.0, 4.0 ], "rotation": 90 },
														"west": { "texture": "#string", "uv": [ 1.0, 1.5, 3.5, 3.5 ] },
														"up": { "texture": "#string", "uv": [ 2.0, 0.0, 4.0, 2.0 ], "rotation": 90 },
														"down": { "texture": "#string", "uv": [ 8.0, 2.0, 10.0, 4.0 ], "rotation": 90 }
													}
												},
												{
													"name": "handle 24",
													"from": [ -31.0, -0.5, -0.5 ], 
													"to": [ -24.0, 1.0, 1.0 ], 
													"uv": [ 0.0, 0.5 ],
													"rotationOrigin": [ -31.5, 0.0, 0.0 ],
													"faces": {
														"north": { "texture": "#spearwood", "uv": [ 0.0, 5.5, 7.0, 7.0 ] },
														"east": { "texture": "#spearwood", "uv": [ 0.5, 0.5, 2.0, 2.0 ] },
														"south": { "texture": "#spearwood", "uv": [ 0.0, 10.5, 7.0, 12.0 ] },
														"west": { "texture": "#spearwood", "uv": [ 14.0, 10.0, 15.5, 11.5 ] },
														"up": { "texture": "#spearwood", "uv": [ 0.0, 4.5, 7.0, 6.0 ] },
														"down": { "texture": "#spearwood", "uv": [ 0.0, 5.0, 7.0, 6.5 ] }
													}
												}
											]
										}
									],
									"attachmentpoints": [
										{
											"code": "RightHand",
											"posX": "1.0","posY": "1.0","posZ": "1.0",
											"rotationX": "0.0","rotationY": "-180.0","rotationZ": "0.0"
										}
									]
								}
							]
						}
					],
					"attachmentpoints": [
						{
							"code": "Back",
							"posX": "5.0","posY": "3.0","posZ": "3.0",
							"rotationX": "0.0","rotationY": "0.0","rotationZ": "0.0"
						}
					]
				},
				{
					"name": "UpperFootL",
					"from": [ 0.4, -6.0, 3.0 ], 
					"to": [ 4.6, 1.5, 6.2 ], 
					"unwrapMode": 4,
					"uv": [ 16.0, 33.0 ],
					"rotationOrigin": [ 1.5, 0.5, 4.3 ],
					"rotationX": -3.0,
					"rotationZ": -5.0,
					"faces": {
						"north": { "texture": "#bandit1", "uv": [ 16.0, 37.0, 20.0, 44.5 ] },
						"east": { "texture": "#bandit1", "uv": [ 27.0, 37.0, 30.0, 44.5 ] },
						"south": { "texture": "#bandit1", "uv": [ 23.0, 37.0, 27.0, 44.5 ] },
						"west": { "texture": "#bandit1", "uv": [ 20.0, 37.0, 23.0, 44.5 ] },
						"up": { "texture": "#bandit1", "uv": [ 20.0, 33.0, 23.0, 37.0 ], "rotation": 90 },
						"down": { "texture": "#bandit1", "uv": [ 20.0, 44.5, 23.0, 48.5 ], "rotation": 90 }
					},
					"children": [
						{
							"name": "LowerFootL",
							"from": [ 0.1, -9.0, 0.1 ], 
							"to": [ 4.1, 1.0, 3.1 ], 
							"unwrapMode": 4,
							"uv": [ 16.0, 46.0 ],
							"rotationOrigin": [ 2.1, 0.5, 1.4 ],
							"rotationX": 2.0,
							"rotationZ": 2.0,
							"faces": {
								"north": { "texture": "#bandit1", "uv": [ 16.0, 50.0, 20.0, 60.0 ] },
								"east": { "texture": "#bandit1", "uv": [ 27.0, 50.0, 30.0, 60.0 ] },
								"south": { "texture": "#bandit1", "uv": [ 23.0, 50.0, 27.0, 60.0 ] },
								"west": { "texture": "#bandit1", "uv": [ 20.0, 50.0, 23.0, 60.0 ] },
								"up": { "texture": "#bandit1", "uv": [ 20.0, 46.0, 23.0, 50.0 ], "rotation": 90 },
								"down": { "texture": "#bandit1", "uv": [ 20.0, 60.0, 23.0, 64.0 ], "rotation": 90 }
							},
							"children": [
								{
									"name": "ButtonsR",
									"from": [ -0.1, 0.0, 0.7 ], 
									"to": [ -0.1, 9.0, 2.3 ], 
									"uv": [ 2.0, 11.0 ],
									"rotationOrigin": [ -0.1, 0.0, 1.5 ],
									"faces": {
										"north": { "texture": "#bandit1", "uv": [ 0.0, 1.5, 0.0, 10.5 ], "enabled": false },
										"east": { "texture": "#bandit1", "uv": [ 0.0, 1.5, 1.5, 10.5 ], "enabled": false },
										"south": { "texture": "#bandit1", "uv": [ 1.5, 1.5, 1.5, 10.5 ], "enabled": false },
										"west": { "texture": "#bandit1", "uv": [ 2.0, 11.0, 3.5, 20.0 ] },
										"up": { "texture": "#bandit1", "uv": [ 0.0, 0.0, 0.0, 1.5 ], "enabled": false },
										"down": { "texture": "#bandit1", "uv": [ 0.0, 0.0, 0.0, 1.5 ], "enabled": false }
									}
								},
								{
									"name": "shoe1",
									"from": [ -1.13, -0.14, -0.27 ], 
									"to": [ 4.17, 0.96, 3.33 ], 
									"unwrapMode": 4,
									"uv": [ 10.0, 14.0 ],
									"rotationOrigin": [ 1.2002, 9.3244, 0.7002 ],
									"faces": {
										"north": { "texture": "#bandit1", "uv": [ 10.0, 19.0, 15.0, 20.0 ] },
										"east": { "texture": "#bandit1", "uv": [ 23.5, 19.0, 27.0, 20.0 ] },
										"south": { "texture": "#bandit1", "uv": [ 18.5, 19.0, 23.5, 20.0 ] },
										"west": { "texture": "#bandit1", "uv": [ 15.0, 19.0, 18.5, 20.0 ] },
										"up": { "texture": "#bandit1", "uv": [ 15.0, 14.0, 18.5, 19.0 ], "rotation": 90 },
										"down": { "texture": "#bandit1", "uv": [ 15.0, 20.0, 18.5, 25.0 ], "rotation": 90 }
									}
								}
							]
						}
					]
				},
				{
					"name": "UpperFootR",
					"from": [ 0.4, -6.0, -0.2 ], 
					"to": [ 4.6, 1.3, 3.0 ], 
					"unwrapMode": 4,
					"autoUnwrap": false,
					"uv": [ 1.0, 29.0 ],
					"rotationOrigin": [ 1.5, 0.5, 1.3 ],
					"rotationX": 3.0,
					"rotationZ": -5.0,
					"faces": {
						"north": { "texture": "#bandit1", "uv": [ 4.0, 37.0, 8.0, 44.0 ] },
						"east": { "texture": "#bandit1", "uv": [ 1.0, 37.0, 4.0, 44.0 ] },
						"south": { "texture": "#bandit1", "uv": [ 11.0, 37.0, 15.0, 44.0 ] },
						"west": { "texture": "#bandit1", "uv": [ 8.0, 37.0, 11.0, 44.0 ] },
						"up": { "texture": "#bandit1", "uv": [ 8.0, 33.0, 11.0, 37.0 ], "rotation": 90 },
						"down": { "texture": "#bandit1", "uv": [ 8.0, 46.0, 11.0, 50.0 ], "rotation": 90 }
					},
					"children": [
						{
							"name": "LowerFootR",
							"from": [ 0.1, -9.0, 0.1 ], 
							"to": [ 4.1, 1.0, 3.1 ], 
							"unwrapMode": 4,
							"autoUnwrap": false,
							"uv": [ 1.0, 46.0 ],
							"rotationOrigin": [ 2.1, 0.5, 1.4 ],
							"rotationX": -2.0,
							"rotationZ": 2.0,
							"faces": {
								"north": { "texture": "#bandit1", "uv": [ 4.0, 50.0, 8.0, 60.0 ] },
								"east": { "texture": "#bandit1", "uv": [ 1.0, 50.0, 4.0, 60.0 ] },
								"south": { "texture": "#bandit1", "uv": [ 11.0, 50.0, 15.0, 60.0 ] },
								"west": { "texture": "#bandit1", "uv": [ 8.0, 50.0, 11.0, 60.0 ] },
								"up": { "texture": "#bandit1", "uv": [ 8.0, 46.0, 11.0, 50.0 ], "rotation": 90 },
								"down": { "texture": "#bandit1", "uv": [ 8.0, 60.0, 11.0, 64.0 ], "rotation": 90 }
							},
							"children": [
								{
									"name": "ButtonsL",
									"from": [ -0.1, 0.0, 0.7 ], 
									"to": [ -0.1, 9.0, 2.3 ], 
									"uv": [ 0.0, 11.0 ],
									"rotationOrigin": [ -0.1, 0.0, 1.5 ],
									"faces": {
										"north": { "texture": "#bandit1", "uv": [ 0.0, 1.5, 0.0, 10.5 ], "enabled": false },
										"east": { "texture": "#bandit1", "uv": [ 0.0, 0.0, 1.5, 9.0 ], "enabled": false },
										"south": { "texture": "#bandit1", "uv": [ 1.5, 0.0, 1.5, 9.0 ], "enabled": false },
										"west": { "texture": "#bandit1", "uv": [ 0.0, 11.0, 1.5, 20.0 ] },
										"up": { "texture": "#bandit1", "uv": [ 0.0, 0.0, 0.0, 1.5 ], "enabled": false },
										"down": { "texture": "#bandit1", "uv": [ 0.0, 0.0, 0.0, 1.5 ], "enabled": false }
									}
								},
								{
									"name": "shoe2",
									"from": [ -1.0998, -0.1, -0.3125 ], 
									"to": [ 4.2002, 1.0, 3.2875 ], 
									"unwrapMode": 4,
									"uv": [ 9.0, 14.0 ],
									"rotationOrigin": [ 1.5066, 0.3284, 1.5266 ],
									"rotationX": 1.02,
									"rotationY": 0.48,
									"rotationZ": 0.007,
									"faces": {
										"north": { "texture": "#bandit1", "uv": [ 9.0, 19.0, 14.0, 20.0 ] },
										"east": { "texture": "#bandit1", "uv": [ 22.5, 19.0, 26.0, 20.0 ] },
										"south": { "texture": "#bandit1", "uv": [ 17.5, 19.0, 22.5, 20.0 ] },
										"west": { "texture": "#bandit1", "uv": [ 14.0, 19.0, 17.5, 20.0 ] },
										"up": { "texture": "#bandit1", "uv": [ 14.0, 14.0, 17.5, 19.0 ], "rotation": 90 },
										"down": { "texture": "#bandit1", "uv": [ 14.0, 20.0, 17.5, 25.0 ], "rotation": 90 }
									}
								}
							]
						}
					]
				}
			]
		}
	],
	"animations": [
		{
			"name": "idle",
			"code": "idle",
			"quantityframes": 90,
			"onActivityStopped": "EaseOut",
			"onAnimationEnd": "Repeat",
			"keyframes": [
				{
					"frame": 0,
					"elements": {
						"LowerTorso": {  },
						"UpperTorso": {  },
						"UpperArmR": { "rotationX": 3.48, "rotationY": 1.74, "rotationZ": -1.74 },
						"LowerArmR": { "offsetX": 0.0, "offsetY": 1.0, "offsetZ": 0.0, "rotationX": 0.0, "rotationY": -19.0, "rotationZ": -69.0 },
						"UpperArmL": { "offsetX": 0.0, "offsetY": -1.0, "offsetZ": -1.0, "rotationX": -44.0, "rotationY": -8.0, "rotationZ": 3.0 },
						"LowerArmL": { "offsetX": 0.0, "offsetY": 0.5, "offsetZ": -0.0, "rotationX": 94.0, "rotationY": 0.0, "rotationZ": 0.0 },
						"Neck": {  },
						"Head": { "rotationX": 0.0, "rotationY": 0.0, "rotationZ": -14.0 }
					}
				},
				{
					"frame": 9,
					"elements": {
						"LowerTorso": {  },
						"UpperTorso": {  },
						"UpperArmR": {  },
						"LowerArmR": { "offsetX": 0.0, "offsetY": 1.0, "offsetZ": 0.0, "rotationX": 0.0, "rotationY": -19.0, "rotationZ": -69.0 }
					}
				},
				{
					"frame": 16,
					"elements": {
						"LowerTorso": {  },
						"UpperTorso": {  },
						"UpperArmR": {  },
						"LowerArmR": { "offsetX": 0.0, "offsetY": 1.0, "offsetZ": 0.0, "rotationX": 0.0, "rotationY": -19.0, "rotationZ": -69.0 }
					}
				},
				{
					"frame": 20,
					"elements": {
						"LowerTorso": {  },
						"UpperTorso": {  },
						"UpperArmR": {  },
						"LowerArmR": { "offsetX": 0.0, "offsetY": 1.0, "offsetZ": 0.0, "rotationX": 0.0, "rotationY": -19.0, "rotationZ": -69.0 }
					}
				},
				{
					"frame": 21,
					"elements": {
						"LowerTorso": {  },
						"UpperTorso": {  },
						"UpperArmR": { "rotationX": 6.0, "rotationY": 3.0, "rotationZ": -3.0 },
						"LowerArmR": { "offsetX": 0.0, "offsetY": 1.0, "offsetZ": 0.0, "rotationX": 0.0, "rotationY": -19.0, "rotationZ": -69.0 }
					}
				},
				{
					"frame": 25,
					"elements": {
						"LowerTorso": {  },
						"UpperTorso": {  },
						"UpperArmR": {  },
						"LowerArmR": { "offsetX": 0.0, "offsetY": 1.0, "offsetZ": 0.0, "rotationX": 0.0, "rotationY": -19.0, "rotationZ": -69.0 },
						"Neck": {  },
						"Head": { "rotationX": 0.0, "rotationY": 0.0, "rotationZ": -11.0 }
					}
				},
				{
					"frame": 30,
					"elements": {
						"LowerTorso": {  },
						"UpperTorso": {  },
						"UpperArmR": {  },
						"LowerArmR": { "offsetX": 0.0, "offsetY": 1.0, "offsetZ": 0.0, "rotationX": 0.0, "rotationY": -19.0, "rotationZ": -69.0 }
					}
				},
				{
					"frame": 35,
					"elements": {
						"LowerTorso": {  },
						"UpperTorso": {  },
						"UpperArmR": {  },
						"LowerArmR": { "offsetX": 0.0, "offsetY": 1.0, "offsetZ": 0.0, "rotationX": 0.0, "rotationY": -19.0, "rotationZ": -69.0 }
					}
				},
				{
					"frame": 50,
					"elements": {
						"LowerTorso": {  },
						"UpperTorso": {  },
						"UpperArmR": {  },
						"LowerArmR": { "offsetX": 0.0, "offsetY": 1.0, "offsetZ": 0.0, "rotationX": 0.0, "rotationY": -19.0, "rotationZ": -69.0 }
					}
				},
				{
					"frame": 82,
					"elements": {
						"LowerTorso": {  },
						"UpperTorso": {  },
						"UpperArmR": { "rotationX": 3.48, "rotationY": 1.74, "rotationZ": -1.74 },
						"LowerArmR": { "offsetX": 0.0, "offsetY": 1.0, "offsetZ": 0.0, "rotationX": 0.0, "rotationY": -19.0, "rotationZ": -69.0 }
					}
				}
			]
		},

		{
			"name": "look",
			"code": "look",
			"quantityframes": 135,
			"onActivityStopped": "PlayTillEnd",
			"onAnimationEnd": "Stop",
			"keyframes": [
				{
					"frame": 0,
					"elements": {
						"LowerTorso": {  },
						"UpperTorso": { "rotationX": 0.0, "rotationY": 0.0, "rotationZ": 0.0 },
						"UpperArmL": { "rotationX": 0.0, "rotationY": 0.0, "rotationZ": 0.0 },
						"LowerArmL": { "rotationX": 0.0, "rotationY": 0.0, "rotationZ": 0.0 },
						"UpperArmR": {  },
						"LowerArmR": { "rotationX": 0.0, "rotationY": 0.0, "rotationZ": -130.0 },
						"spear": { "offsetX": 1.0, "offsetY": 1.0, "offsetZ": 0.0, "rotationX": 0.0, "rotationY": 0.0, "rotationZ": 14.0 }
					}
				},
				{
					"frame": 15,
					"elements": {
						"LowerTorso": {  },
						"UpperTorso": {  },
						"UpperArmL": { "rotationX": 33.0, "rotationY": 0.0, "rotationZ": -152.0 },
						"LowerArmL": { "rotationX": 89.0, "rotationY": -11.0, "rotationZ": 17.0 }
					}
				},
				{
					"frame": 22,
					"elements": {
						"LowerTorso": { "rotationX": 0.0, "rotationY": 0.0, "rotationZ": 0.0 }
					}
				},
				{
					"frame": 25,
					"elements": {
						"LowerTorso": { "rotationX": 0.0, "rotationY": 0.0, "rotationZ": 0.0 },
						"UpperTorso": { "rotationX": 0.0, "rotationY": 0.0, "rotationZ": 0.0 }
					}
				},
				{
					"frame": 42,
					"elements": {
						"LowerTorso": { "rotationX": 0.0, "rotationY": -6.0, "rotationZ": 0.0 },
						"UpperTorso": { "rotationX": 0.0, "rotationY": -22.0, "rotationZ": 0.0 }
					}
				},
				{
					"frame": 59,
					"elements": {
						"LowerTorso": { "rotationX": 0.0, "rotationY": -8.0, "rotationZ": 0.0 },
						"UpperTorso": { "rotationX": 0.0, "rotationY": -22.0, "rotationZ": 0.0 }
					}
				},
				{
					"frame": 77,
					"elements": {
						"LowerTorso": { "rotationX": 0.0, "rotationY": 0.0, "rotationZ": 0.0 },
						"UpperTorso": { "rotationX": 0.0, "rotationY": 8.0, "rotationZ": 0.0 }
					}
				},
				{
					"frame": 85,
					"elements": {
						"LowerTorso": {  },
						"UpperTorso": {  },
						"UpperArmL": { "rotationX": 33.0, "rotationY": 0.0, "rotationZ": -152.0 },
						"LowerArmL": { "rotationX": 89.0, "rotationY": -11.0, "rotationZ": 17.0 }
					}
				},
				{
					"frame": 115,
					"elements": {
						"LowerTorso": {  },
						"UpperTorso": {  },
						"UpperArmL": { "rotationX": 0.0, "rotationY": 0.0, "rotationZ": 0.0 },
						"LowerArmL": { "rotationX": 0.0, "rotationY": 0.0, "rotationZ": 0.0 }
					}
				},
				{
					"frame": 134,
					"elements": {
						"LowerTorso": {  },
						"UpperTorso": {  },
						"UpperArmL": {  },
						"LowerArmL": { "offsetX": 0.0, "offsetY": 0.0, "offsetZ": 0.0 }
					}
				},
				{
					"frame": 135,
					"elements": {
						"LowerTorso": {  },
						"UpperTorso": {  },
						"UpperArmL": {  },
						"LowerArmL": { "rotationX": 0.0, "rotationY": 0.0, "rotationZ": 0.0 }
					}
				}
			]
		},

		{
			"name": "walk",
			"code": "walk",
			"quantityframes": 40,
			"onActivityStopped": "EaseOut",
			"onAnimationEnd": "Repeat",
			"keyframes": [
				{
					"frame": 0,
					"elements": {
						"LowerTorso": {  },
						"UpperFootL": { "rotationX": 0.0, "rotationY": 0.0, "rotationZ": 0.0 },
						"LowerFootL": { "rotationX": 0.0, "rotationY": 0.0, "rotationZ": 0.0 },
						"ButtonsR": { "rotationX": 0.0, "rotationY": 0.0, "rotationZ": 0.0 },
						"UpperFootR": { "rotationX": 0.0, "rotationY": 0.0, "rotationZ": 0.0 },
						"LowerFootR": { "rotationX": 0.0, "rotationY": 0.0, "rotationZ": 0.0 },
						"ButtonsL": { "rotationX": 0.0, "rotationY": 0.0, "rotationZ": 0.0 },
						"UpperTorso": {  },
						"UpperArmR": { "rotationX": 0.0, "rotationY": 0.0, "rotationZ": 0.0 },
						"UpperArmL": {  },
						"LowerArmL": { "rotationX": 0.0, "rotationY": 0.0, "rotationZ": 0.0 },
						"Neck": {  },
						"Head": { "offsetX": 0.0, "offsetY": 0.0, "offsetZ": 0.0 }
					}
				},
				{
					"frame": 9,
					"elements": {
						"LowerTorso": { "offsetX": 0.0, "offsetY": 0.3, "offsetZ": 0.0 },
						"UpperTorso": {  },
						"UpperArmL": {  },
						"LowerArmL": { "rotationX": 0.0, "rotationY": 0.0, "rotationZ": -25.0 }
					}
				},
				{
					"frame": 10,
					"elements": {
						"LowerTorso": {  },
						"UpperFootL": { "rotationX": 0.0, "rotationY": 0.0, "rotationZ": -17.0 },
						"UpperFootR": { "rotationX": 0.0, "rotationY": -3.0, "rotationZ": 11.0 },
						"LowerFootR": { "rotationX": 0.0, "rotationY": 0.0, "rotationZ": 0.0 },
						"UpperTorso": {  },
						"UpperArmR": { "rotationX": 0.0, "rotationY": 0.0, "rotationZ": -14.0 },
						"UpperArmL": { "rotationX": 0.0, "rotationY": 0.0, "rotationZ": 19.0 }
					}
				},
				{
					"frame": 15,
					"elements": {
						"LowerTorso": {  },
						"UpperFootR": {  },
						"LowerFootR": { "rotationX": 0.0, "rotationY": -3.0, "rotationZ": 19.0 },
						"UpperTorso": {  },
						"Neck": {  },
						"Head": { "offsetX": 0.0, "offsetY": -0.2, "offsetZ": 0.0 }
					}
				},
				{
					"frame": 20,
					"elements": {
						"LowerTorso": { "offsetX": 0.0, "offsetY": 0.0, "offsetZ": 0.0 },
						"UpperFootR": { "rotationX": 0.0, "rotationY": 0.0, "rotationZ": 0.0 },
						"LowerFootR": { "rotationX": 0.0, "rotationY": 0.0, "rotationZ": 3.0 },
						"UpperFootL": { "rotationX": 0.0, "rotationY": 0.0, "rotationZ": 0.0 }
					}
				},
				{
					"frame": 24,
					"elements": {
						"LowerTorso": {  },
						"UpperTorso": {  },
						"UpperArmL": {  },
						"LowerArmL": { "rotationX": 0.0, "rotationY": -19.0, "rotationZ": -28.0 }
					}
				},
				{
					"frame": 26,
					"elements": {
						"LowerTorso": {  },
						"UpperTorso": {  },
						"UpperArmR": { "rotationX": 0.0, "rotationY": 0.0, "rotationZ": 19.0 },
						"UpperArmL": {  },
						"LowerArmL": { "rotationX": 0.0, "rotationY": -14.0, "rotationZ": -28.0 }
					}
				},
				{
					"frame": 30,
					"elements": {
						"LowerTorso": { "offsetX": 0.0, "offsetY": 0.4, "offsetZ": 0.0 },
						"UpperFootL": { "rotationX": 0.0, "rotationY": 0.0, "rotationZ": 14.0 },
						"LowerFootL": { "rotationX": 0.0, "rotationY": 0.0, "rotationZ": 0.0 },
						"UpperFootR": { "rotationX": 0.0, "rotationY": 0.0, "rotationZ": -14.0 },
						"LowerFootR": { "rotationX": 0.0, "rotationY": -6.0, "rotationZ": 0.0 },
						"ButtonsL": { "rotationX": 0.0, "rotationY": 0.0, "rotationZ": 0.0 },
						"UpperTorso": {  },
						"UpperArmL": { "rotationX": 0.0, "rotationY": 0.0, "rotationZ": -14.0 },
						"Neck": {  },
						"Head": { "offsetX": 0.0, "offsetY": 0.0, "offsetZ": 0.0 }
					}
				},
				{
					"frame": 35,
					"elements": {
						"LowerTorso": {  },
						"UpperFootL": {  },
						"LowerFootL": { "rotationX": 0.0, "rotationY": 0.0, "rotationZ": 14.0 },
						"UpperTorso": {  },
						"UpperArmL": {  },
						"LowerArmL": { "rotationX": 0.0, "rotationY": -17.0, "rotationZ": -14.0 }
					}
				},
				{
					"frame": 39,
					"elements": {
						"LowerTorso": { "offsetX": 0.0, "offsetY": 0.0, "offsetZ": 0.0 },
						"UpperFootL": { "rotationX": 0.0, "rotationY": 0.0, "rotationZ": 0.0 },
						"LowerFootL": { "rotationX": 0.0, "rotationY": 0.0, "rotationZ": 0.0 }
					}
				}
			]
		},

		{
			"name": "WalkSpearShouldered",
			"code": "walkspearshouldered",
			"quantityframes": 40,
			"onActivityStopped": "EaseOut",
			"onAnimationEnd": "Repeat",
			"keyframes": [
				{
					"frame": 0,
					"elements": {
						"LowerTorso": {  },
						"UpperFootL": { "rotationX": 0.0, "rotationY": 0.0, "rotationZ": 0.0 },
						"LowerFootL": { "rotationX": 0.0, "rotationY": 0.0, "rotationZ": 0.0 },
						"UpperFootR": { "rotationX": 0.0, "rotationY": 0.0, "rotationZ": 0.0 },
						"LowerFootR": { "rotationX": 0.0, "rotationY": 0.0, "rotationZ": 0.0 },
						"UpperTorso": {  },
						"UpperArmR": { "rotationX": 0.0, "rotationY": -14.0, "rotationZ": 0.0 },
						"LowerArmR": { "rotationX": 0.0, "rotationY": 0.0, "rotationZ": -130.0 },
						"spear": { "offsetX": 1.0, "offsetY": 1.0, "offsetZ": 0.0, "rotationX": 0.0, "rotationY": 0.0, "rotationZ": 14.0 },
						"UpperArmL": {  },
						"LowerArmL": { "rotationX": 0.0, "rotationY": 0.0, "rotationZ": 0.0 }
					}
				},
				{
					"frame": 9,
					"elements": {
						"LowerTorso": {  },
						"UpperTorso": {  },
						"UpperArmL": {  },
						"LowerArmL": { "rotationX": 0.0, "rotationY": 0.0, "rotationZ": -25.0 }
					}
				},
				{
					"frame": 10,
					"elements": {
						"LowerTorso": { "offsetX": 0.0, "offsetY": 0.3, "offsetZ": 0.0 },
						"UpperFootL": { "rotationX": 0.0, "rotationY": 0.0, "rotationZ": -17.0 },
						"UpperFootR": { "rotationX": 0.0, "rotationY": -3.0, "rotationZ": 11.0 },
						"LowerFootR": { "rotationX": 0.0, "rotationY": 0.0, "rotationZ": 0.0 },
						"UpperTorso": {  },
						"UpperArmR": { "rotationX": 0.0, "rotationY": -14.0, "rotationZ": -14.0 },
						"UpperArmL": { "rotationX": 0.0, "rotationY": 0.0, "rotationZ": 19.0 },
						"Neck": { "offsetX": 0.0, "offsetY": -0.1, "offsetZ": 0.0 }
					}
				},
				{
					"frame": 15,
					"elements": {
						"LowerTorso": {  },
						"UpperFootR": {  },
						"LowerFootR": { "rotationX": 0.0, "rotationY": -3.0, "rotationZ": 19.0 }
					}
				},
				{
					"frame": 20,
					"elements": {
						"LowerTorso": { "offsetX": 0.0, "offsetY": 0.0, "offsetZ": 0.0 },
						"UpperFootR": { "rotationX": 0.0, "rotationY": 0.0, "rotationZ": 0.0 },
						"LowerFootR": { "rotationX": 0.0, "rotationY": 0.0, "rotationZ": 3.0 },
						"UpperFootL": { "rotationX": 0.0, "rotationY": 0.0, "rotationZ": 0.0 },
						"UpperTorso": {  },
						"Neck": { "offsetX": 0.0, "offsetY": 0.1, "offsetZ": 0.0 }
					}
				},
				{
					"frame": 24,
					"elements": {
						"LowerTorso": {  },
						"UpperTorso": {  },
						"UpperArmL": {  },
						"LowerArmL": { "rotationX": 0.0, "rotationY": -19.0, "rotationZ": -28.0 }
					}
				},
				{
					"frame": 26,
					"elements": {
						"LowerTorso": {  },
						"UpperTorso": {  },
						"UpperArmR": { "rotationX": 0.0, "rotationY": -14.0, "rotationZ": 19.0 },
						"UpperArmL": {  },
						"LowerArmL": { "rotationX": 0.0, "rotationY": -14.0, "rotationZ": -28.0 }
					}
				},
				{
					"frame": 30,
					"elements": {
						"LowerTorso": { "offsetX": 0.0, "offsetY": 0.3, "offsetZ": 0.0 },
						"UpperFootL": { "rotationX": 0.0, "rotationY": 0.0, "rotationZ": 14.0 },
						"LowerFootL": { "rotationX": 0.0, "rotationY": 0.0, "rotationZ": 0.0 },
						"UpperFootR": { "rotationX": 0.0, "rotationY": 0.0, "rotationZ": -14.0 },
						"LowerFootR": { "rotationX": 0.0, "rotationY": -6.0, "rotationZ": 0.0 },
						"UpperTorso": {  },
						"UpperArmL": { "rotationX": 0.0, "rotationY": 0.0, "rotationZ": -14.0 },
						"Neck": { "offsetX": 0.0, "offsetY": -0.1, "offsetZ": 0.0 }
					}
				},
				{
					"frame": 35,
					"elements": {
						"LowerTorso": {  },
						"UpperFootL": {  },
						"LowerFootL": { "rotationX": 0.0, "rotationY": 0.0, "rotationZ": 14.0 },
						"UpperTorso": {  },
						"UpperArmL": {  },
						"LowerArmL": { "rotationX": 0.0, "rotationY": -17.0, "rotationZ": -14.0 }
					}
				},
				{
					"frame": 39,
					"elements": {
						"LowerTorso": { "offsetX": 0.0, "offsetY": 0.0, "offsetZ": 0.0 },
						"UpperFootL": { "rotationX": 0.0, "rotationY": 0.0, "rotationZ": 0.0 },
						"LowerFootL": { "rotationX": 0.0, "rotationY": 0.0, "rotationZ": 0.0 },
						"UpperTorso": {  },
						"Neck": { "offsetX": 0.0, "offsetY": 0.0, "offsetZ": 0.0 }
					}
				}
			]
		},

		{
			"name": "die",
			"code": "die",
			"quantityframes": 29,
			"onActivityStopped": "PlayTillEnd",
			"onAnimationEnd": "Hold",
			"keyframes": [
				{
					"frame": 0,
					"elements": {
						"LowerTorso": { "offsetX": 0.0, "offsetY": 0.0, "offsetZ": 0.0, "rotationX": 0.0, "rotationY": 0.0, "rotationZ": 0.0 },
						"UpperFootL": {  },
						"LowerFootL": { "rotationX": 0.0, "rotationY": 0.0, "rotationZ": 0.0 },
						"UpperFootR": {  },
						"LowerFootR": { "rotationX": 0.0, "rotationY": 0.0, "rotationZ": 0.0 },
						"UpperTorso": {  },
						"UpperArmR": { "rotationX": 0.0, "rotationY": 0.0, "rotationZ": 0.0 },
						"LowerArmR": { "rotationX": 0.0, "rotationY": 0.0, "rotationZ": 0.0 },
						"UpperArmL": { "rotationX": 0.0, "rotationY": 0.0, "rotationZ": 0.0 },
						"LowerArmL": { "rotationX": 0.0, "rotationY": 0.0, "rotationZ": 0.0 },
						"Neck": { "rotationX": 0.0, "rotationY": 0.0, "rotationZ": 0.0 }
					}
				},
				{
					"frame": 7,
					"elements": {
						"LowerTorso": { "offsetX": -8.0, "offsetY": -2.0, "offsetZ": 0.0 }
					}
				},
				{
					"frame": 10,
					"elements": {
						"LowerTorso": { "offsetX": -11.0, "offsetY": -5.0, "offsetZ": 0.0, "rotationX": 0.0, "rotationY": 0.0, "rotationZ": 6.0 },
						"UpperTorso": {  },
						"UpperArmR": { "rotationX": 0.0, "rotationY": 0.0, "rotationZ": -6.0 },
						"LowerArmR": { "rotationX": 0.0, "rotationY": 0.0, "rotationZ": -116.0 }
					}
				},
				{
					"frame": 11,
					"elements": {
						"LowerTorso": { "offsetX": -11.0, "offsetY": -7.0, "offsetZ": 0.0, "rotationX": 0.0, "rotationY": 0.0, "rotationZ": 0.0 },
						"UpperFootL": {  },
						"LowerFootL": { "offsetX": 0.0, "offsetY": 0.0, "offsetZ": 0.0, "rotationX": 0.0, "rotationY": 0.0, "rotationZ": 91.0 },
						"UpperFootR": {  },
						"LowerFootR": { "offsetX": 0.0, "offsetY": 0.0, "offsetZ": 0.0, "rotationX": 0.0, "rotationY": 0.0, "rotationZ": 91.0 },
						"UpperTorso": {  },
						"UpperArmR": {  },
						"LowerArmR": { "rotationX": 0.0, "rotationY": 0.0, "rotationZ": -119.0 },
						"UpperArmL": { "rotationX": 0.0, "rotationY": 0.0, "rotationZ": -25.0 },
						"LowerArmL": { "rotationX": 86.0, "rotationY": -53.0, "rotationZ": -3.0 },
						"Neck": { "rotationX": 0.0, "rotationY": 0.0, "rotationZ": 17.0 }
					}
				},
				{
					"frame": 16,
					"elements": {
						"LowerTorso": { "offsetX": -15.4, "offsetY": -0.4, "offsetZ": 0.0 },
						"UpperTorso": {  },
						"UpperArmR": { "rotationX": 6.0, "rotationY": -33.0, "rotationZ": -86.0 },
						"LowerArmR": { "rotationX": -28.0, "rotationY": 53.0, "rotationZ": -30.0 },
						"spear": { "offsetX": 0.0, "offsetY": -1.0, "offsetZ": 0.0, "rotationX": 0.0, "rotationY": 0.0, "rotationZ": -19.0 },
						"UpperArmL": {  },
						"LowerArmL": { "rotationX": 55.0, "rotationY": 0.0, "rotationZ": 0.0 }
					}
				},
				{
					"frame": 19,
					"elements": {
						"LowerTorso": { "offsetX": -16.0, "offsetY": 2.8, "offsetZ": 0.0 },
						"UpperTorso": {  },
						"UpperArmR": { "rotationX": 0.0, "rotationY": -14.0, "rotationZ": -69.0 },
						"LowerArmR": { "rotationX": 50.0, "rotationY": 61.0, "rotationZ": -53.0 },
						"spear": { "offsetX": 0.0, "offsetY": 0.0, "offsetZ": 0.0, "rotationX": 0.0, "rotationY": 0.0, "rotationZ": 0.0 },
						"UpperFootL": {  },
						"LowerFootL": { "rotationX": 0.0, "rotationY": 0.0, "rotationZ": 47.0 },
						"UpperFootR": {  },
						"LowerFootR": { "rotationX": 0.0, "rotationY": 0.0, "rotationZ": 44.0 }
					}
				},
				{
					"frame": 28,
					"elements": {
						"LowerTorso": { "offsetX": -12.5, "offsetY": 15.0, "offsetZ": 0.0, "rotationX": 0.0, "rotationY": 0.0, "rotationZ": 87.0 },
						"UpperFootL": {  },
						"LowerFootL": { "rotationX": -8.0, "rotationY": 0.0, "rotationZ": 3.0 },
						"UpperTorso": {  },
						"UpperArmR": { "rotationX": -39.0, "rotationY": 0.0, "rotationZ": -174.0 },
						"LowerArmR": { "rotationX": 0.0, "rotationY": 89.0, "rotationZ": -28.0 },
						"UpperArmL": { "rotationX": 44.0, "rotationY": 0.0, "rotationZ": -161.0 }
					}
				},
				{
					"frame": 29,
					"elements": {
						"LowerTorso": { "offsetX": -12.0, "offsetY": 16.0, "offsetZ": 0.0, "rotationX": 0.0, "rotationY": 0.0, "rotationZ": 91.0 },
						"UpperTorso": { "offsetX": 0.0, "offsetY": 0.0, "offsetZ": 0.0 },
						"UpperArmR": { "rotationX": 0.0, "rotationY": 0.0, "rotationZ": -3.72 },
						"LowerArmR": { "rotationX": 0.0, "rotationY": 0.0, "rotationZ": 4.537 },
						"UpperArmL": { "rotationX": 0.0, "rotationY": 0.0, "rotationZ": -15.816 },
						"LowerArmL": { "rotationX": 54.408, "rotationY": -33.531, "rotationZ": -1.898 },
						"UpperFootL": {  },
						"LowerFootL": { "rotationX": 0.0, "rotationY": 0.0, "rotationZ": 0.0 },
						"UpperFootR": {  },
						"LowerFootR": { "rotationX": 0.0, "rotationY": 0.0, "rotationZ": 0.0 }
					}
				}
			]
		},

		{
			"name": "Sprint",
			"code": "sprint",
			"quantityframes": 24,
			"onActivityStopped": "EaseOut",
			"onAnimationEnd": "Repeat",
			"keyframes": [
				{
					"frame": 0,
					"elements": {
						"LowerTorso": { "offsetX": 0.0, "offsetY": -2.0, "offsetZ": 0.0, "rotationX": 3.0, "rotationY": 0.0, "rotationZ": 12.0 },
						"UpperTorso": { "rotationX": -3.0, "rotationY": -5.0, "rotationZ": -5.0 },
						"UpperArmR": { "offsetX": -1.0, "offsetY": 0.0, "offsetZ": 0.0, "rotationX": 0.0, "rotationY": 0.0, "rotationZ": 67.5 },
						"LowerArmR": { "offsetX": 0.0, "offsetY": 0.6, "offsetZ": 0.0, "rotationX": 0.0, "rotationY": 0.0, "rotationZ": -102.0 },
						"UpperArmL": { "offsetX": 0.0, "offsetY": 0.0, "offsetZ": 0.0, "rotationX": 0.0, "rotationY": 0.0, "rotationZ": -45.0 },
						"LowerArmL": { "offsetX": 0.0, "offsetY": 0.7, "offsetZ": 0.0, "rotationX": 0.0, "rotationY": 0.0, "rotationZ": -67.5 },
						"Neck": {  },
						"Head": { "rotationX": 0.0, "rotationY": 5.0, "rotationZ": 0.0 },
						"UpperFootR": { "offsetX": -1.0, "offsetY": 0.0, "offsetZ": 0.0, "rotationX": -3.0, "rotationY": 0.0, "rotationZ": -50.0 },
						"LowerFootR": { "offsetX": 0.0, "offsetY": 0.0, "offsetZ": 0.0, "rotationX": 0.0, "rotationY": 0.0, "rotationZ": 0.0 },
						"UpperFootL": { "offsetX": 0.0, "offsetY": 0.0, "offsetZ": 0.0, "rotationX": 0.0, "rotationY": 0.0, "rotationZ": 22.5 },
						"LowerFootL": { "offsetX": 0.0, "offsetY": 1.5, "offsetZ": 0.0, "rotationX": 0.0, "rotationY": 0.0, "rotationZ": 90.0 }
					}
				},
				{
					"frame": 2,
					"elements": {
						"LowerTorso": { "offsetX": 0.0, "offsetY": -3.0, "offsetZ": 0.0 },
						"UpperFootR": { "offsetX": -1.0, "offsetY": 0.0, "offsetZ": 0.0, "rotationX": 0.0, "rotationY": 0.0, "rotationZ": -60.0 },
						"LowerFootR": { "offsetX": 0.3, "offsetY": 0.7, "offsetZ": 0.0, "rotationX": 0.0, "rotationY": 0.0, "rotationZ": 45.0 },
						"UpperFootL": { "rotationX": 0.0, "rotationY": 0.0, "rotationZ": 0.0 },
						"LowerFootL": { "offsetX": 0.0, "offsetY": 1.5, "offsetZ": 0.0 }
					}
				},
				{
					"frame": 4,
					"elements": {
						"LowerTorso": { "offsetX": 0.0, "offsetY": -1.8, "offsetZ": 0.0 },
						"UpperTorso": {  },
						"UpperArmR": { "offsetX": 0.0, "offsetY": -0.5, "offsetZ": 0.0, "rotationX": 0.0, "rotationY": 0.0, "rotationZ": 10.0 },
						"LowerArmR": { "offsetX": 0.0, "offsetY": 0.4, "offsetZ": 0.0, "rotationX": 0.0, "rotationY": 0.0, "rotationZ": -44.0 },
						"UpperArmL": { "offsetX": 0.0, "offsetY": -0.5, "offsetZ": 0.0 },
						"UpperFootR": { "rotationX": 0.0, "rotationY": 0.0, "rotationZ": -30.0 },
						"LowerFootR": { "offsetX": 0.3, "offsetY": 0.6, "offsetZ": 0.0, "rotationX": 0.0, "rotationY": 0.0, "rotationZ": 45.0 },
						"UpperFootL": { "rotationX": 0.0, "rotationY": 0.0, "rotationZ": -45.0 },
						"LowerFootL": { "offsetX": 0.0, "offsetY": 1.5, "offsetZ": 0.0, "rotationX": 0.0, "rotationY": 0.0, "rotationZ": 90.0 }
					}
				},
				{
					"frame": 6,
					"elements": {
						"LowerTorso": { "offsetX": 0.0, "offsetY": -1.5, "offsetZ": 0.0 },
						"UpperFootR": { "rotationX": 0.0, "rotationY": 0.0, "rotationZ": 0.0 },
						"LowerFootR": { "offsetX": 0.0, "offsetY": 0.0, "offsetZ": 0.0, "rotationX": 0.0, "rotationY": 0.0, "rotationZ": 22.5 },
						"UpperFootL": { "rotationX": 0.0, "rotationY": 0.0, "rotationZ": -45.0 },
						"LowerFootL": { "offsetX": 0.8, "offsetY": 1.3, "offsetZ": 0.0 },
						"UpperTorso": { "rotationX": 0.0, "rotationY": 0.0, "rotationZ": -2.0 },
						"UpperArmL": {  },
						"LowerArmL": { "offsetX": 0.0, "offsetY": 0.2, "offsetZ": 0.0 },
						"UpperArmR": {  },
						"LowerArmR": { "offsetX": 0.0, "offsetY": 0.4, "offsetZ": 0.0, "rotationX": 0.0, "rotationY": 0.0, "rotationZ": -44.0 },
						"Neck": {  },
						"Head": { "rotationX": 0.0, "rotationY": 0.0, "rotationZ": -5.0 }
					}
				},
				{
					"frame": 8,
					"elements": {
						"LowerTorso": { "offsetX": 0.0, "offsetY": -1.3, "offsetZ": 0.0 },
						"UpperFootR": { "rotationX": 0.0, "rotationY": 0.0, "rotationZ": 22.5 },
						"LowerFootR": { "rotationX": 0.0, "rotationY": 0.0, "rotationZ": 0.0 },
						"UpperFootL": { "rotationX": 0.0, "rotationY": 0.0, "rotationZ": -67.5 },
						"LowerFootL": { "offsetX": 0.3, "offsetY": 0.6, "offsetZ": 0.0, "rotationX": 0.0, "rotationY": 0.0, "rotationZ": 45.0 },
						"UpperTorso": {  },
						"UpperArmR": {  },
						"LowerArmR": { "rotationX": 0.0, "rotationY": 0.0, "rotationZ": -61.0 }
					}
				},
				{
					"frame": 10,
					"elements": {
						"LowerTorso": {  },
						"UpperFootL": { "rotationX": 0.0, "rotationY": 0.0, "rotationZ": -67.5 },
						"LowerFootL": { "offsetX": 0.0, "offsetY": 0.0, "offsetZ": 0.0 },
						"UpperFootR": {  },
						"LowerFootR": { "offsetX": 0.2, "offsetY": 0.6, "offsetZ": 0.0 },
						"UpperTorso": {  },
						"UpperArmL": { "offsetX": -1.0, "offsetY": 0.0, "offsetZ": 0.0 },
						"UpperArmR": { "offsetX": 0.0, "offsetY": 0.0, "offsetZ": 0.0, "rotationX": 0.0, "rotationY": 0.0, "rotationZ": 33.0 }
					}
				},
				{
					"frame": 12,
					"elements": {
						"LowerTorso": { "offsetX": 0.0, "offsetY": -2.0, "offsetZ": 0.0, "rotationX": -3.0, "rotationY": 0.0, "rotationZ": 12.0 },
						"UpperFootL": { "offsetX": -0.5, "offsetY": 0.0, "offsetZ": 0.0, "rotationX": 3.0, "rotationY": 0.0, "rotationZ": -50.0 },
						"LowerFootL": { "offsetX": 0.0, "offsetY": 0.0, "offsetZ": 0.0, "rotationX": 0.0, "rotationY": 0.0, "rotationZ": 0.0 },
						"UpperFootR": { "offsetX": 0.0, "offsetY": 0.0, "offsetZ": 0.0, "rotationX": 3.0, "rotationY": 0.0, "rotationZ": 22.5 },
						"LowerFootR": { "offsetX": 0.0, "offsetY": 1.5, "offsetZ": 0.0, "rotationX": 0.0, "rotationY": 0.0, "rotationZ": 90.0 },
						"UpperTorso": { "rotationX": 3.0, "rotationY": 5.0, "rotationZ": -5.0 },
						"UpperArmL": { "rotationX": 0.0, "rotationY": 0.0, "rotationZ": 67.5 },
						"UpperArmR": { "rotationX": 0.0, "rotationY": 0.0, "rotationZ": 33.0 },
						"LowerArmR": { "offsetX": -0.3, "offsetY": 0.4, "offsetZ": 0.0, "rotationX": 0.0, "rotationY": 0.0, "rotationZ": -67.5 },
						"Neck": {  },
						"Head": { "rotationX": 0.0, "rotationY": -5.0, "rotationZ": 0.0 }
					}
				},
				{
					"frame": 14,
					"elements": {
						"LowerTorso": { "offsetX": 0.0, "offsetY": -3.0, "offsetZ": 0.0 },
						"UpperFootL": { "offsetX": -0.7, "offsetY": 0.0, "offsetZ": 0.0, "rotationX": 0.0, "rotationY": 0.0, "rotationZ": -60.0 },
						"LowerFootL": { "offsetX": 0.3, "offsetY": 0.7, "offsetZ": 0.0, "rotationX": 0.0, "rotationY": 0.0, "rotationZ": 45.0 },
						"UpperFootR": {  },
						"LowerFootR": { "offsetX": 0.0, "offsetY": 1.5, "offsetZ": 0.0 }
					}
				},
				{
					"frame": 16,
					"elements": {
						"LowerTorso": { "offsetX": 0.0, "offsetY": -1.8, "offsetZ": 0.0 },
						"UpperFootL": { "offsetX": -0.5, "offsetY": 0.0, "offsetZ": 0.0, "rotationX": 0.0, "rotationY": 0.0, "rotationZ": -30.0 },
						"LowerFootL": { "rotationX": 0.0, "rotationY": 0.0, "rotationZ": 45.0 },
						"UpperFootR": { "rotationX": 0.0, "rotationY": 0.0, "rotationZ": -45.0 },
						"LowerFootR": { "offsetX": 0.0, "offsetY": 1.5, "offsetZ": 0.0, "rotationX": 0.0, "rotationY": 0.0, "rotationZ": 90.0 },
						"UpperTorso": {  },
						"UpperArmR": { "offsetX": 0.0, "offsetY": -0.5, "offsetZ": 0.0 }
					}
				},
				{
					"frame": 18,
					"elements": {
						"LowerTorso": { "offsetX": 0.0, "offsetY": -1.5, "offsetZ": 0.0 },
						"UpperFootL": { "rotationX": 0.0, "rotationY": 0.0, "rotationZ": 0.0 },
						"LowerFootL": { "offsetX": 0.0, "offsetY": 0.0, "offsetZ": 0.0, "rotationX": 0.0, "rotationY": 0.0, "rotationZ": 22.5 },
						"UpperFootR": { "rotationX": 0.0, "rotationY": 0.0, "rotationZ": -45.0 },
						"LowerFootR": { "offsetX": 0.8, "offsetY": 1.3, "offsetZ": 0.0 },
						"UpperTorso": { "rotationX": 0.0, "rotationY": 0.0, "rotationZ": -2.0 },
						"Neck": {  },
						"Head": { "rotationX": 0.0, "rotationY": 0.0, "rotationZ": -5.0 },
						"UpperArmL": { "offsetX": 0.0, "offsetY": -0.8, "offsetZ": 0.0 }
					}
				},
				{
					"frame": 20,
					"elements": {
						"LowerTorso": { "offsetX": 0.0, "offsetY": -1.3, "offsetZ": 0.0 },
						"UpperFootL": { "offsetX": -0.3333333333333333, "offsetY": 0.0, "offsetZ": 0.0, "rotationX": 0.0, "rotationY": 0.0, "rotationZ": 22.5 },
						"LowerFootL": { "rotationX": 0.0, "rotationY": 0.0, "rotationZ": 0.0 },
						"UpperFootR": { "rotationX": 0.0, "rotationY": 0.0, "rotationZ": -67.5 },
						"LowerFootR": { "offsetX": 0.3, "offsetY": 0.6, "offsetZ": 0.0, "rotationX": 0.0, "rotationY": 0.0, "rotationZ": 45.0 }
					}
				},
				{
					"frame": 22,
					"elements": {
						"LowerTorso": { "offsetX": 0.0, "offsetY": -1.65, "offsetZ": 0.0 },
						"UpperFootL": {  },
						"LowerFootL": { "offsetX": 0.2, "offsetY": 0.6, "offsetZ": 0.0 },
						"UpperFootR": { "rotationX": 0.0, "rotationY": 0.0, "rotationZ": -67.5 }
					}
				}
			]
		},

		{
			"name": "swim",
			"code": "swim",
			"quantityframes": 30,
			"onActivityStopped": "EaseOut",
			"onAnimationEnd": "Repeat",
			"keyframes": [
				{
					"frame": 0,
					"elements": {
						"LowerTorso": { "offsetX": -13.0, "offsetY": 0.0, "offsetZ": 0.0, "rotationX": 0.0, "rotationY": 0.0, "rotationZ": 90.0 },
						"UpperTorso": {  },
						"UpperArmL": { "rotationX": 0.0, "rotationY": 0.0, "rotationZ": 0.0 },
						"LowerArmL": { "rotationX": 0.0, "rotationY": 0.0, "rotationZ": 0.0 },
						"UpperArmR": { "rotationX": 0.0, "rotationY": 0.0, "rotationZ": 0.0 },
						"LowerArmR": { "rotationX": 0.0, "rotationY": 0.0, "rotationZ": 0.0 },
						"Neck": { "offsetX": 0.0, "offsetY": -2.0, "offsetZ": 0.0, "rotationX": 0.0, "rotationY": 0.0, "rotationZ": 0.0 },
						"Head": { "offsetX": 1.0, "offsetY": 1.0, "offsetZ": 0.0, "rotationX": 0.0, "rotationY": 0.0, "rotationZ": -55.0 },
						"UpperFootR": { "rotationX": 0.0, "rotationY": 0.0, "rotationZ": 0.0 },
						"LowerFootR": { "rotationX": 0.0, "rotationY": 0.0, "rotationZ": 0.0 },
						"UpperFootL": { "rotationX": 0.0, "rotationY": 0.0, "rotationZ": 0.0 },
						"LowerFootL": { "rotationX": 0.0, "rotationY": 0.0, "rotationZ": 0.0 }
					}
				},
				{
					"frame": 10,
					"elements": {
						"LowerTorso": {  },
						"UpperFootL": { "rotationX": -19.0, "rotationY": 0.0, "rotationZ": 0.0 },
						"LowerFootL": { "rotationX": 17.0, "rotationY": 0.0, "rotationZ": 0.0 },
						"UpperFootR": { "rotationX": 22.0, "rotationY": 0.0, "rotationZ": 0.0 },
						"LowerFootR": { "rotationX": -19.0, "rotationY": 0.0, "rotationZ": 0.0 },
						"UpperTorso": {  },
						"UpperArmL": { "rotationX": 0.0, "rotationY": 0.0, "rotationZ": -97.0 },
						"LowerArmL": { "rotationX": 0.0, "rotationY": 0.0, "rotationZ": -89.0 },
						"UpperArmR": { "rotationX": 0.0, "rotationY": 0.0, "rotationZ": -105.0 },
						"LowerArmR": { "rotationX": 0.0, "rotationY": 0.0, "rotationZ": -83.0 }
					}
				},
				{
					"frame": 20,
					"elements": {
						"LowerTorso": {  },
						"UpperTorso": {  },
						"UpperArmL": { "rotationX": 0.0, "rotationY": 0.0, "rotationZ": -169.0 },
						"LowerArmL": { "rotationX": 0.0, "rotationY": 0.0, "rotationZ": -6.0 },
						"UpperArmR": { "rotationX": 0.0, "rotationY": 0.0, "rotationZ": -166.0 },
						"LowerArmR": { "rotationX": 0.0, "rotationY": 0.0, "rotationZ": -8.0 }
					}
				},
				{
					"frame": 25,
					"elements": {
						"LowerTorso": {  },
						"UpperTorso": {  },
						"UpperArmL": { "rotationX": 105.0, "rotationY": 180.0, "rotationZ": -180.0 }
					}
				}
			]
		},

		{
			"name": "attack",
			"code": "attack",
			"quantityframes": 20,
			"onActivityStopped": "PlayTillEnd",
			"onAnimationEnd": "Stop",
			"keyframes": [
				{
					"frame": 1,
					"elements": {
						"LowerTorso": {  },
						"UpperTorso": { "rotationX": 0.0, "rotationY": 0.0, "rotationZ": 0.0 },
						"UpperArmR": { "rotationX": 0.0, "rotationY": 0.0, "rotationZ": 0.0 },
						"LowerArmR": { "rotationX": 0.0, "rotationY": 0.0, "rotationZ": 0.0 }
					}
				},
				{
					"frame": 4,
					"elements": {
						"LowerTorso": {  },
						"UpperTorso": { "rotationX": 0.0, "rotationY": -25.0, "rotationZ": 0.0 },
						"UpperArmR": { "rotationX": 14.0, "rotationY": 3.0, "rotationZ": 55.0 },
						"LowerArmR": { "rotationX": 0.0, "rotationY": 0.0, "rotationZ": -83.0 },
						"spear": { "offsetX": 0.0, "offsetY": 0.0, "offsetZ": 0.0, "rotationX": 0.0, "rotationY": 0.0, "rotationZ": -33.0 }
					}
				},
				{
					"frame": 8,
					"elements": {
						"LowerTorso": {  },
						"UpperTorso": { "rotationX": 0.0, "rotationY": -25.0, "rotationZ": 0.0 },
						"UpperArmR": { "rotationX": 69.0, "rotationY": -22.0, "rotationZ": 6.0 },
						"LowerArmR": { "rotationX": 0.0, "rotationY": 14.0, "rotationZ": -119.0 },
						"spear": { "offsetX": 0.0, "offsetY": -6.0, "offsetZ": -1.0, "rotationX": -19.0, "rotationY": -19.0, "rotationZ": -97.0 }
					}
				},
				{
					"frame": 11,
					"elements": {
						"LowerTorso": {  },
						"UpperTorso": { "rotationX": 0.0, "rotationY": 0.0, "rotationZ": 0.0 },
						"UpperArmR": { "rotationX": 69.0, "rotationY": -19.0, "rotationZ": -17.0 },
						"LowerArmR": { "rotationX": 0.0, "rotationY": 14.0, "rotationZ": -75.0 },
						"spear": { "offsetX": 0.0, "offsetY": -6.0, "offsetZ": -1.0, "rotationX": -19.0, "rotationY": -19.0, "rotationZ": -97.0 }
					}
				},
				{
					"frame": 13,
					"elements": {
						"LowerTorso": {  },
						"UpperTorso": { "rotationX": 0.0, "rotationY": 11.0, "rotationZ": 0.0 },
						"UpperArmR": { "rotationX": 69.0, "rotationY": 8.0, "rotationZ": -44.0 },
						"LowerArmR": { "rotationX": 17.0, "rotationY": -6.0, "rotationZ": -42.0 },
						"spear": { "offsetX": 0.0, "offsetY": -6.0, "offsetZ": -1.0, "rotationX": -19.0, "rotationY": -19.0, "rotationZ": -97.0 }
					}
				},
				{
					"frame": 15,
					"elements": {
						"LowerTorso": {  },
						"UpperTorso": { "rotationX": 0.0, "rotationY": 19.0, "rotationZ": 0.0 },
						"Neck": { "rotationX": 6.0, "rotationY": -14.0, "rotationZ": -14.0 },
						"UpperArmR": { "rotationX": 69.0, "rotationY": 8.0, "rotationZ": -66.0 },
						"LowerArmR": { "rotationX": 25.0, "rotationY": -3.0, "rotationZ": -11.0 },
						"spear": { "offsetX": 0.0, "offsetY": -6.0, "offsetZ": -1.0, "rotationX": -19.0, "rotationY": -19.0, "rotationZ": -97.0 }
					}
				}
			]
		}
	]
}